URL: https://api.github.com/repos/lichess-org/chessground/commits?path=src/drag.ts&per_page=30
Content-Type: application/json
Method: json

---

[
  {
    "sha": "c4cdf483035f28a9981d01023f540a7c70b7f7fc",
    "node_id": "C_kwDOATWd4toAKGM0Y2RmNDgzMDM1ZjI4YTk5ODFkMDEwMjNmNTQwYTdjNzBiN2Y3ZmM",
    "commit": {
      "author": {
        "name": "Simek",
        "email": "gosimek@gmail.com",
        "date": "2026-03-31T07:24:07Z"
      },
      "committer": {
        "name": "Simek",
        "email": "gosimek@gmail.com",
        "date": "2026-03-31T07:24:07Z"
      },
      "message": "switch lint stack to OXC tools",
      "tree": {
        "sha": "4b1e532822ab9681496a42ebab7549f542b0cdd4",
        "url": "https://api.github.com/repos/lichess-org/chessground/git/trees/4b1e532822ab9681496a42ebab7549f542b0cdd4"
      },
      "url": "https://api.github.com/repos/lichess-org/chessground/git/commits/c4cdf483035f28a9981d01023f540a7c70b7f7fc",
      "comment_count": 0,
      "verification": {
        "verified": false,
        "reason": "unsigned",
        "signature": null,
        "payload": null,
        "verified_at": null
      }
    },
    "url": "https://api.github.com/repos/lichess-org/chessground/commits/c4cdf483035f28a9981d01023f540a7c70b7f7fc",
    "html_url": "https://github.com/lichess-org/chessground/commit/c4cdf483035f28a9981d01023f540a7c70b7f7fc",
    "comments_url": "https://api.github.com/repos/lichess-org/chessground/commits/c4cdf483035f28a9981d01023f540a7c70b7f7fc/comments",
    "author": {
      "login": "Simek",
      "id": 719641,
      "node_id": "MDQ6VXNlcjcxOTY0MQ==",
      "avatar_url": "https://avatars.githubusercontent.com/u/719641?v=4",
      "gravatar_id": "",
      "url": "https://api.github.com/users/Simek",
      "html_url": "https://github.com/Simek",
      "followers_url": "https://api.github.com/users/Simek/followers",
      "following_url": "https://api.github.com/users/Simek/following{/other_user}",
      "gists_url": "https://api.github.com/users/Simek/gists{/gist_id}",
      "starred_url": "https://api.github.com/users/Simek/starred{/owner}{/repo}",
      "subscriptions_url": "https://api.github.com/users/Simek/subscriptions",
      "organizations_url": "https://api.github.com/users/Simek/orgs",
      "repos_url": "https://api.github.com/users/Simek/repos",
      "events_url": "https://api.github.com/users/Simek/events{/privacy}",
      "received_events_url": "https://api.github.com/users/Simek/received_events",
      "type": "User",
      "user_view_type": "public",
      "site_admin": false
    },
    "committer": {
      "login": "Simek",
      "id": 719641,
      "node_id": "MDQ6VXNlcjcxOTY0MQ==",
      "avatar_url": "https://avatars.githubusercontent.com/u/719641?v=4",
      "gravatar_id": "",
      "url": "https://api.github.com/users/Simek",
      "html_url": "https://github.com/Simek",
      "followers_url": "https://api.github.com/users/Simek/followers",
      "following_url": "https://api.github.com/users/Simek/following{/other_user}",
      "gists_url": "https://api.github.com/users/Simek/gists{/gist_id}",
      "starred_url": "https://api.github.com/users/Simek/starred{/owner}{/repo}",
      "subscriptions_url": "https://api.github.com/users/Simek/subscriptions",
      "organizations_url": "https://api.github.com/users/Simek/orgs",
      "repos_url": "https://api.github.com/users/Simek/repos",
      "events_url": "https://api.github.com/users/Simek/events{/privacy}",
      "received_events_url": "https://api.github.com/users/Simek/received_events",
      "type": "User",
      "user_view_type": "public",
      "site_admin": false
    },
    "parents": [
      {
        "sha": "4d7e91bb02bd7ed2796aac2c1956c9552b323e7c",
        "url": "https://api.github.com/repos/lichess-org/chessground/commits/4d7e91bb02bd7ed2796aac2c1956c9552b323e7c",
        "html_url": "https://github.com/lichess-org/chessground/commit/4d7e91bb02bd7ed2796aac2c1956c9552b323e7c"
      }
    ]
  },
  {
    "sha": "b281ee377399218a69e0514a204432951b4e7527",
    "node_id": "C_kwDOATWd4toAKGIyODFlZTM3NzM5OTIxOGE2OWUwNTE0YTIwNDQzMjk1MWI0ZTc1Mjc",
    "commit": {
      "author": {
        "name": "Simek",
        "email": "gosimek@gmail.com",
        "date": "2026-03-07T08:48:20Z"
      },
      "committer": {
        "name": "Simek",
        "email": "gosimek@gmail.com",
        "date": "2026-03-07T08:48:20Z"
      },
      "message": "fix keyHasChanged logic",
      "tree": {
        "sha": "738edaa851197adacd18e6175c0e4a8a37459252",
        "url": "https://api.github.com/repos/lichess-org/chessground/git/trees/738edaa851197adacd18e6175c0e4a8a37459252"
      },
      "url": "https://api.github.com/repos/lichess-org/chessground/git/commits/b281ee377399218a69e0514a204432951b4e7527",
      "comment_count": 0,
      "verification": {
        "verified": false,
        "reason": "unsigned",
        "signature": null,
        "payload": null,
        "verified_at": null
      }
    },
    "url": "https://api.github.com/repos/lichess-org/chessground/commits/b281ee377399218a69e0514a204432951b4e7527",
    "html_url": "https://github.com/lichess-org/chessground/commit/b281ee377399218a69e0514a204432951b4e7527",
    "comments_url": "https://api.github.com/repos/lichess-org/chessground/commits/b281ee377399218a69e0514a204432951b4e7527/comments",
    "author": {
      "login": "Simek",
      "id": 719641,
      "node_id": "MDQ6VXNlcjcxOTY0MQ==",
      "avatar_url": "https://avatars.githubusercontent.com/u/719641?v=4",
      "gravatar_id": "",
      "url": "https://api.github.com/users/Simek",
      "html_url": "https://github.com/Simek",
      "followers_url": "https://api.github.com/users/Simek/followers",
      "following_url": "https://api.github.com/users/Simek/following{/other_user}",
      "gists_url": "https://api.github.com/users/Simek/gists{/gist_id}",
      "starred_url": "https://api.github.com/users/Simek/starred{/owner}{/repo}",
      "subscriptions_url": "https://api.github.com/users/Simek/subscriptions",
      "organizations_url": "https://api.github.com/users/Simek/orgs",
      "repos_url": "https://api.github.com/users/Simek/repos",
      "events_url": "https://api.github.com/users/Simek/events{/privacy}",
      "received_events_url": "https://api.github.com/users/Simek/received_events",
      "type": "User",
      "user_view_type": "public",
      "site_admin": false
    },
    "committer": {
      "login": "Simek",
      "id": 719641,
      "node_id": "MDQ6VXNlcjcxOTY0MQ==",
      "avatar_url": "https://avatars.githubusercontent.com/u/719641?v=4",
      "gravatar_id": "",
      "url": "https://api.github.com/users/Simek",
      "html_url": "https://github.com/Simek",
      "followers_url": "https://api.github.com/users/Simek/followers",
      "following_url": "https://api.github.com/users/Simek/following{/other_user}",
      "gists_url": "https://api.github.com/users/Simek/gists{/gist_id}",
      "starred_url": "https://api.github.com/users/Simek/starred{/owner}{/repo}",
      "subscriptions_url": "https://api.github.com/users/Simek/subscriptions",
      "organizations_url": "https://api.github.com/users/Simek/orgs",
      "repos_url": "https://api.github.com/users/Simek/repos",
      "events_url": "https://api.github.com/users/Simek/events{/privacy}",
      "received_events_url": "https://api.github.com/users/Simek/received_events",
      "type": "User",
      "user_view_type": "public",
      "site_admin": false
    },
    "parents": [
      {
        "sha": "c4d628bcf731a2db869ce1234757c946cf959e40",
        "url": "https://api.github.com/repos/lichess-org/chessground/commits/c4d628bcf731a2db869ce1234757c946cf959e40",
        "html_url": "https://github.com/lichess-org/chessground/commit/c4d628bcf731a2db869ce1234757c946cf959e40"
      }
    ]
  },
  {
    "sha": "c4d628bcf731a2db869ce1234757c946cf959e40",
    "node_id": "C_kwDOATWd4toAKGM0ZDYyOGJjZjczMWEyZGI4NjljZTEyMzQ3NTdjOTQ2Y2Y5NTllNDA",
    "commit": {
      "author": {
        "name": "Simek",
        "email": "gosimek@gmail.com",
        "date": "2026-03-06T12:25:31Z"
      },
      "committer": {
        "name": "Simek",
        "email": "gosimek@gmail.com",
        "date": "2026-03-06T12:25:31Z"
      },
      "message": "use data-key instead of class for storing key for jsHover",
      "tree": {
        "sha": "bedde34d369af8aefe33af82ceef965525783935",
        "url": "https://api.github.com/repos/lichess-org/chessground/git/trees/bedde34d369af8aefe33af82ceef965525783935"
      },
      "url": "https://api.github.com/repos/lichess-org/chessground/git/commits/c4d628bcf731a2db869ce1234757c946cf959e40",
      "comment_count": 0,
      "verification": {
        "verified": false,
        "reason": "unsigned",
        "signature": null,
        "payload": null,
        "verified_at": null
      }
    },
    "url": "https://api.github.com/repos/lichess-org/chessground/commits/c4d628bcf731a2db869ce1234757c946cf959e40",
    "html_url": "https://github.com/lichess-org/chessground/commit/c4d628bcf731a2db869ce1234757c946cf959e40",
    "comments_url": "https://api.github.com/repos/lichess-org/chessground/commits/c4d628bcf731a2db869ce1234757c946cf959e40/comments",
    "author": {
      "login": "Simek",
      "id": 719641,
      "node_id": "MDQ6VXNlcjcxOTY0MQ==",
      "avatar_url": "https://avatars.githubusercontent.com/u/719641?v=4",
      "gravatar_id": "",
      "url": "https://api.github.com/users/Simek",
      "html_url": "https://github.com/Simek",
      "followers_url": "https://api.github.com/users/Simek/followers",
      "following_url": "https://api.github.com/users/Simek/following{/other_user}",
      "gists_url": "https://api.github.com/users/Simek/gists{/gist_id}",
      "starred_url": "https://api.github.com/users/Simek/starred{/owner}{/repo}",
      "subscriptions_url": "https://api.github.com/users/Simek/subscriptions",
      "organizations_url": "https://api.github.com/users/Simek/orgs",
      "repos_url": "https://api.github.com/users/Simek/repos",
      "events_url": "https://api.github.com/users/Simek/events{/privacy}",
      "received_events_url": "https://api.github.com/users/Simek/received_events",
      "type": "User",
      "user_view_type": "public",
      "site_admin": false
    },
    "committer": {
      "login": "Simek",
      "id": 719641,
      "node_id": "MDQ6VXNlcjcxOTY0MQ==",
      "avatar_url": "https://avatars.githubusercontent.com/u/719641?v=4",
      "gravatar_id": "",
      "url": "https://api.github.com/users/Simek",
      "html_url": "https://github.com/Simek",
      "followers_url": "https://api.github.com/users/Simek/followers",
      "following_url": "https://api.github.com/users/Simek/following{/other_user}",
      "gists_url": "https://api.github.com/users/Simek/gists{/gist_id}",
      "starred_url": "https://api.github.com/users/Simek/starred{/owner}{/repo}",
      "subscriptions_url": "https://api.github.com/users/Simek/subscriptions",
      "organizations_url": "https://api.github.com/users/Simek/orgs",
      "repos_url": "https://api.github.com/users/Simek/repos",
      "events_url": "https://api.github.com/users/Simek/events{/privacy}",
      "received_events_url": "https://api.github.com/users/Simek/received_events",
      "type": "User",
      "user_view_type": "public",
      "site_admin": false
    },
    "parents": [
      {
        "sha": "332ea0336837083b1071050c4774674763c90ee9",
        "url": "https://api.github.com/repos/lichess-org/chessground/commits/332ea0336837083b1071050c4774674763c90ee9",
        "html_url": "https://github.com/lichess-org/chessground/commit/332ea0336837083b1071050c4774674763c90ee9"
      }
    ]
  },
  {
    "sha": "332ea0336837083b1071050c4774674763c90ee9",
    "node_id": "C_kwDOATWd4toAKDMzMmVhMDMzNjgzNzA4M2IxMDcxMDUwYzQ3NzQ2NzQ3NjNjOTBlZTk",
    "commit": {
      "author": {
        "name": "Thibault Duplessis",
        "email": "t@lichess.org",
        "date": "2026-03-06T10:31:51Z"
      },
      "committer": {
        "name": "Thibault Duplessis",
        "email": "t@lichess.org",
        "date": "2026-03-06T10:31:51Z"
      },
      "message": "extract handleJsHover logic, and avoid computing getKeyAtDomPos most of the time",
      "tree": {
        "sha": "7989ef8265c7c2c628f458f3685123f678618955",
        "url": "https://api.github.com/repos/lichess-org/chessground/git/trees/7989ef8265c7c2c628f458f3685123f678618955"
      },
      "url": "https://api.github.com/repos/lichess-org/chessground/git/commits/332ea0336837083b1071050c4774674763c90ee9",
      "comment_count": 0,
      "verification": {
        "verified": false,
        "reason": "unsigned",
        "signature": null,
        "payload": null,
        "verified_at": null
      }
    },
    "url": "https://api.github.com/repos/lichess-org/chessground/commits/332ea0336837083b1071050c4774674763c90ee9",
    "html_url": "https://github.com/lichess-org/chessground/commit/332ea0336837083b1071050c4774674763c90ee9",
    "comments_url": "https://api.github.com/repos/lichess-org/chessground/commits/332ea0336837083b1071050c4774674763c90ee9/comments",
    "author": {
      "login": "ornicar",
      "id": 140370,
      "node_id": "MDQ6VXNlcjE0MDM3MA==",
      "avatar_url": "https://avatars.githubusercontent.com/u/140370?v=4",
      "gravatar_id": "",
      "url": "https://api.github.com/users/ornicar",
      "html_url": "https://github.com/ornicar",
      "followers_url": "https://api.github.com/users/ornicar/followers",
      "following_url": "https://api.github.com/users/ornicar/following{/other_user}",
      "gists_url": "https://api.github.com/users/ornicar/gists{/gist_id}",
      "starred_url": "https://api.github.com/users/ornicar/starred{/owner}{/repo}",
      "subscriptions_url": "https://api.github.com/users/ornicar/subscriptions",
      "organizations_url": "https://api.github.com/users/ornicar/orgs",
      "repos_url": "https://api.github.com/users/ornicar/repos",
      "events_url": "https://api.github.com/users/ornicar/events{/privacy}",
      "received_events_url": "https://api.github.com/users/ornicar/received_events",
      "type": "User",
      "user_view_type": "public",
      "site_admin": false
    },
    "committer": {
      "login": "ornicar",
      "id": 140370,
      "node_id": "MDQ6VXNlcjE0MDM3MA==",
      "avatar_url": "https://avatars.githubusercontent.com/u/140370?v=4",
      "gravatar_id": "",
      "url": "https://api.github.com/users/ornicar",
      "html_url": "https://github.com/ornicar",
      "followers_url": "https://api.github.com/users/ornicar/followers",
      "following_url": "https://api.github.com/users/ornicar/following{/other_user}",
      "gists_url": "https://api.github.com/users/ornicar/gists{/gist_id}",
      "starred_url": "https://api.github.com/users/ornicar/starred{/owner}{/repo}",
      "subscriptions_url": "https://api.github.com/users/ornicar/subscriptions",
      "organizations_url": "https://api.github.com/users/ornicar/orgs",
      "repos_url": "https://api.github.com/users/ornicar/repos",
      "events_url": "https://api.github.com/users/ornicar/events{/privacy}",
      "received_events_url": "https://api.github.com/users/ornicar/received_events",
      "type": "User",
      "user_view_type": "public",
      "site_admin": false
    },
    "parents": [
      {
        "sha": "7b324237512ca430fc33fb70362a8ba3d50880bc",
        "url": "https://api.github.com/repos/lichess-org/chessground/commits/7b324237512ca430fc33fb70362a8ba3d50880bc",
        "html_url": "https://github.com/lichess-org/chessground/commit/7b324237512ca430fc33fb70362a8ba3d50880bc"
      }
    ]
  },
  {
    "sha": "7b324237512ca430fc33fb70362a8ba3d50880bc",
    "node_id": "C_kwDOATWd4toAKDdiMzI0MjM3NTEyY2E0MzBmYzMzZmI3MDM2MmE4YmEzZDUwODgwYmM",
    "commit": {
      "author": {
        "name": "Simek",
        "email": "gosimek@gmail.com",
        "date": "2026-03-04T09:37:53Z"
      },
      "committer": {
        "name": "Simek",
        "email": "gosimek@gmail.com",
        "date": "2026-03-04T09:37:53Z"
      },
      "message": "make JS-side hover optional, cleanup hover state on invalid dest",
      "tree": {
        "sha": "68192784d7e5fcc43849f55a89a90f3a65fdaf97",
        "url": "https://api.github.com/repos/lichess-org/chessground/git/trees/68192784d7e5fcc43849f55a89a90f3a65fdaf97"
      },
      "url": "https://api.github.com/repos/lichess-org/chessground/git/commits/7b324237512ca430fc33fb70362a8ba3d50880bc",
      "comment_count": 0,
      "verification": {
        "verified": false,
        "reason": "unsigned",
        "signature": null,
        "payload": null,
        "verified_at": null
      }
    },
    "url": "https://api.github.com/repos/lichess-org/chessground/commits/7b324237512ca430fc33fb70362a8ba3d50880bc",
    "html_url": "https://github.com/lichess-org/chessground/commit/7b324237512ca430fc33fb70362a8ba3d50880bc",
    "comments_url": "https://api.github.com/repos/lichess-org/chessground/commits/7b324237512ca430fc33fb70362a8ba3d50880bc/comments",
    "author": {
      "login": "Simek",
      "id": 719641,
      "node_id": "MDQ6VXNlcjcxOTY0MQ==",
      "avatar_url": "https://avatars.githubusercontent.com/u/719641?v=4",
      "gravatar_id": "",
      "url": "https://api.github.com/users/Simek",
      "html_url": "https://github.com/Simek",
      "followers_url": "https://api.github.com/users/Simek/followers",
      "following_url": "https://api.github.com/users/Simek/following{/other_user}",
      "gists_url": "https://api.github.com/users/Simek/gists{/gist_id}",
      "starred_url": "https://api.github.com/users/Simek/starred{/owner}{/repo}",
      "subscriptions_url": "https://api.github.com/users/Simek/subscriptions",
      "organizations_url": "https://api.github.com/users/Simek/orgs",
      "repos_url": "https://api.github.com/users/Simek/repos",
      "events_url": "https://api.github.com/users/Simek/events{/privacy}",
      "received_events_url": "https://api.github.com/users/Simek/received_events",
      "type": "User",
      "user_view_type": "public",
      "site_admin": false
    },
    "committer": {
      "login": "Simek",
      "id": 719641,
      "node_id": "MDQ6VXNlcjcxOTY0MQ==",
      "avatar_url": "https://avatars.githubusercontent.com/u/719641?v=4",
      "gravatar_id": "",
      "url": "https://api.github.com/users/Simek",
      "html_url": "https://github.com/Simek",
      "followers_url": "https://api.github.com/users/Simek/followers",
      "following_url": "https://api.github.com/users/Simek/following{/other_user}",
      "gists_url": "https://api.github.com/users/Simek/gists{/gist_id}",
      "starred_url": "https://api.github.com/users/Simek/starred{/owner}{/repo}",
      "subscriptions_url": "https://api.github.com/users/Simek/subscriptions",
      "organizations_url": "https://api.github.com/users/Simek/orgs",
      "repos_url": "https://api.github.com/users/Simek/repos",
      "events_url": "https://api.github.com/users/Simek/events{/privacy}",
      "received_events_url": "https://api.github.com/users/Simek/received_events",
      "type": "User",
      "user_view_type": "public",
      "site_admin": false
    },
    "parents": [
      {
        "sha": "e71a3a36eb3c42e9325cf3f468e56fefdcab0370",
        "url": "https://api.github.com/repos/lichess-org/chessground/commits/e71a3a36eb3c42e9325cf3f468e56fefdcab0370",
        "html_url": "https://github.com/lichess-org/chessground/commit/e71a3a36eb3c42e9325cf3f468e56fefdcab0370"
      }
    ]
  },
  {
    "sha": "e71a3a36eb3c42e9325cf3f468e56fefdcab0370",
    "node_id": "C_kwDOATWd4toAKGU3MWEzYTM2ZWIzYzQyZTkzMjVjZjNmNDY4ZTU2ZmVmZGNhYjAzNzA",
    "commit": {
      "author": {
        "name": "Simek",
        "email": "gosimek@gmail.com",
        "date": "2026-03-03T13:33:59Z"
      },
      "committer": {
        "name": "Simek",
        "email": "gosimek@gmail.com",
        "date": "2026-03-03T13:33:59Z"
      },
      "message": "move handling drag hover to JS side",
      "tree": {
        "sha": "878b4ee4139f4c050265a437da69a7486098de84",
        "url": "https://api.github.com/repos/lichess-org/chessground/git/trees/878b4ee4139f4c050265a437da69a7486098de84"
      },
      "url": "https://api.github.com/repos/lichess-org/chessground/git/commits/e71a3a36eb3c42e9325cf3f468e56fefdcab0370",
      "comment_count": 0,
      "verification": {
        "verified": false,
        "reason": "unsigned",
        "signature": null,
        "payload": null,
        "verified_at": null
      }
    },
    "url": "https://api.github.com/repos/lichess-org/chessground/commits/e71a3a36eb3c42e9325cf3f468e56fefdcab0370",
    "html_url": "https://github.com/lichess-org/chessground/commit/e71a3a36eb3c42e9325cf3f468e56fefdcab0370",
    "comments_url": "https://api.github.com/repos/lichess-org/chessground/commits/e71a3a36eb3c42e9325cf3f468e56fefdcab0370/comments",
    "author": {
      "login": "Simek",
      "id": 719641,
      "node_id": "MDQ6VXNlcjcxOTY0MQ==",
      "avatar_url": "https://avatars.githubusercontent.com/u/719641?v=4",
      "gravatar_id": "",
      "url": "https://api.github.com/users/Simek",
      "html_url": "https://github.com/Simek",
      "followers_url": "https://api.github.com/users/Simek/followers",
      "following_url": "https://api.github.com/users/Simek/following{/other_user}",
      "gists_url": "https://api.github.com/users/Simek/gists{/gist_id}",
      "starred_url": "https://api.github.com/users/Simek/starred{/owner}{/repo}",
      "subscriptions_url": "https://api.github.com/users/Simek/subscriptions",
      "organizations_url": "https://api.github.com/users/Simek/orgs",
      "repos_url": "https://api.github.com/users/Simek/repos",
      "events_url": "https://api.github.com/users/Simek/events{/privacy}",
      "received_events_url": "https://api.github.com/users/Simek/received_events",
      "type": "User",
      "user_view_type": "public",
      "site_admin": false
    },
    "committer": {
      "login": "Simek",
      "id": 719641,
      "node_id": "MDQ6VXNlcjcxOTY0MQ==",
      "avatar_url": "https://avatars.githubusercontent.com/u/719641?v=4",
      "gravatar_id": "",
      "url": "https://api.github.com/users/Simek",
      "html_url": "https://github.com/Simek",
      "followers_url": "https://api.github.com/users/Simek/followers",
      "following_url": "https://api.github.com/users/Simek/following{/other_user}",
      "gists_url": "https://api.github.com/users/Simek/gists{/gist_id}",
      "starred_url": "https://api.github.com/users/Simek/starred{/owner}{/repo}",
      "subscriptions_url": "https://api.github.com/users/Simek/subscriptions",
      "organizations_url": "https://api.github.com/users/Simek/orgs",
      "repos_url": "https://api.github.com/users/Simek/repos",
      "events_url": "https://api.github.com/users/Simek/events{/privacy}",
      "received_events_url": "https://api.github.com/users/Simek/received_events",
      "type": "User",
      "user_view_type": "public",
      "site_admin": false
    },
    "parents": [
      {
        "sha": "da58b6ec85925d85be415d9428efa3ae3a49b1d1",
        "url": "https://api.github.com/repos/lichess-org/chessground/commits/da58b6ec85925d85be415d9428efa3ae3a49b1d1",
        "html_url": "https://github.com/lichess-org/chessground/commit/da58b6ec85925d85be415d9428efa3ae3a49b1d1"
      }
    ]
  },
  {
    "sha": "19e815b99c65c7e385b636a8020183f5b1324364",
    "node_id": "C_kwDOATWd4toAKDE5ZTgxNWI5OWM2NWM3ZTM4NWI2MzZhODAyMDE4M2Y1YjEzMjQzNjQ",
    "commit": {
      "author": {
        "name": "John Doknjas",
        "email": "jdoknjas@sfu.ca",
        "date": "2025-10-12T20:33:08Z"
      },
      "committer": {
        "name": "John Doknjas",
        "email": "jdoknjas@sfu.ca",
        "date": "2025-10-17T00:19:29Z"
      },
      "message": "Unrelated to PR, but make variable name a bit more accurate.",
      "tree": {
        "sha": "3839fe4914350f2f035d09e9d71df6ba6db7bf13",
        "url": "https://api.github.com/repos/lichess-org/chessground/git/trees/3839fe4914350f2f035d09e9d71df6ba6db7bf13"
      },
      "url": "https://api.github.com/repos/lichess-org/chessground/git/commits/19e815b99c65c7e385b636a8020183f5b1324364",
      "comment_count": 0,
      "verification": {
        "verified": false,
        "reason": "unsigned",
        "signature": null,
        "payload": null,
        "verified_at": null
      }
    },
    "url": "https://api.github.com/repos/lichess-org/chessground/commits/19e815b99c65c7e385b636a8020183f5b1324364",
    "html_url": "https://github.com/lichess-org/chessground/commit/19e815b99c65c7e385b636a8020183f5b1324364",
    "comments_url": "https://api.github.com/repos/lichess-org/chessground/commits/19e815b99c65c7e385b636a8020183f5b1324364/comments",
    "author": {
      "login": "johndoknjas",
      "id": 32089502,
      "node_id": "MDQ6VXNlcjMyMDg5NTAy",
      "avatar_url": "https://avatars.githubusercontent.com/u/32089502?v=4",
      "gravatar_id": "",
      "url": "https://api.github.com/users/johndoknjas",
      "html_url": "https://github.com/johndoknjas",
      "followers_url": "https://api.github.com/users/johndoknjas/followers",
      "following_url": "https://api.github.com/users/johndoknjas/following{/other_user}",
      "gists_url": "https://api.github.com/users/johndoknjas/gists{/gist_id}",
      "starred_url": "https://api.github.com/users/johndoknjas/starred{/owner}{/repo}",
      "subscriptions_url": "https://api.github.com/users/johndoknjas/subscriptions",
      "organizations_url": "https://api.github.com/users/johndoknjas/orgs",
      "repos_url": "https://api.github.com/users/johndoknjas/repos",
      "events_url": "https://api.github.com/users/johndoknjas/events{/privacy}",
      "received_events_url": "https://api.github.com/users/johndoknjas/received_events",
      "type": "User",
      "user_view_type": "public",
      "site_admin": false
    },
    "committer": {
      "login": "johndoknjas",
      "id": 32089502,
      "node_id": "MDQ6VXNlcjMyMDg5NTAy",
      "avatar_url": "https://avatars.githubusercontent.com/u/32089502?v=4",
      "gravatar_id": "",
      "url": "https://api.github.com/users/johndoknjas",
      "html_url": "https://github.com/johndoknjas",
      "followers_url": "https://api.github.com/users/johndoknjas/followers",
      "following_url": "https://api.github.com/users/johndoknjas/following{/other_user}",
      "gists_url": "https://api.github.com/users/johndoknjas/gists{/gist_id}",
      "starred_url": "https://api.github.com/users/johndoknjas/starred{/owner}{/repo}",
      "subscriptions_url": "https://api.github.com/users/johndoknjas/subscriptions",
      "organizations_url": "https://api.github.com/users/johndoknjas/orgs",
      "repos_url": "https://api.github.com/users/johndoknjas/repos",
      "events_url": "https://api.github.com/users/johndoknjas/events{/privacy}",
      "received_events_url": "https://api.github.com/users/johndoknjas/received_events",
      "type": "User",
      "user_view_type": "public",
      "site_admin": false
    },
    "parents": [
      {
        "sha": "03cc8ff18cc85b3f127f4788d6583551c75f4032",
        "url": "https://api.github.com/repos/lichess-org/chessground/commits/03cc8ff18cc85b3f127f4788d6583551c75f4032",
        "html_url": "https://github.com/lichess-org/chessground/commit/03cc8ff18cc85b3f127f4788d6583551c75f4032"
      }
    ]
  },
  {
    "sha": "03cc8ff18cc85b3f127f4788d6583551c75f4032",
    "node_id": "C_kwDOATWd4toAKDAzY2M4ZmYxOGNjODViM2YxMjdmNDc4OGQ2NTgzNTUxYzc1ZjQwMzI",
    "commit": {
      "author": {
        "name": "John Doknjas",
        "email": "jdoknjas@sfu.ca",
        "date": "2025-10-16T23:52:06Z"
      },
      "committer": {
        "name": "John Doknjas",
        "email": "jdoknjas@sfu.ca",
        "date": "2025-10-16T23:52:06Z"
      },
      "message": "Revert \"Merge pull request #352 from johndoknjas/clear-shapes-after-click-or-tap\"\n\nThis reverts commit 8e560c9c5d70e71f56f063251859311cd1ec5f49, reversing\nchanges made to f690a670b5373891ce01026e8980f6b534783d89.",
      "tree": {
        "sha": "689987627bc28cfb888196e7c28f64aa0f1df8a2",
        "url": "https://api.github.com/repos/lichess-org/chessground/git/trees/689987627bc28cfb888196e7c28f64aa0f1df8a2"
      },
      "url": "https://api.github.com/repos/lichess-org/chessground/git/commits/03cc8ff18cc85b3f127f4788d6583551c75f4032",
      "comment_count": 0,
      "verification": {
        "verified": false,
        "reason": "unsigned",
        "signature": null,
        "payload": null,
        "verified_at": null
      }
    },
    "url": "https://api.github.com/repos/lichess-org/chessground/commits/03cc8ff18cc85b3f127f4788d6583551c75f4032",
    "html_url": "https://github.com/lichess-org/chessground/commit/03cc8ff18cc85b3f127f4788d6583551c75f4032",
    "comments_url": "https://api.github.com/repos/lichess-org/chessground/commits/03cc8ff18cc85b3f127f4788d6583551c75f4032/comments",
    "author": {
      "login": "johndoknjas",
      "id": 32089502,
      "node_id": "MDQ6VXNlcjMyMDg5NTAy",
      "avatar_url": "https://avatars.githubusercontent.com/u/32089502?v=4",
      "gravatar_id": "",
      "url": "https://api.github.com/users/johndoknjas",
      "html_url": "https://github.com/johndoknjas",
      "followers_url": "https://api.github.com/users/johndoknjas/followers",
      "following_url": "https://api.github.com/users/johndoknjas/following{/other_user}",
      "gists_url": "https://api.github.com/users/johndoknjas/gists{/gist_id}",
      "starred_url": "https://api.github.com/users/johndoknjas/starred{/owner}{/repo}",
      "subscriptions_url": "https://api.github.com/users/johndoknjas/subscriptions",
      "organizations_url": "https://api.github.com/users/johndoknjas/orgs",
      "repos_url": "https://api.github.com/users/johndoknjas/repos",
      "events_url": "https://api.github.com/users/johndoknjas/events{/privacy}",
      "received_events_url": "https://api.github.com/users/johndoknjas/received_events",
      "type": "User",
      "user_view_type": "public",
      "site_admin": false
    },
    "committer": {
      "login": "johndoknjas",
      "id": 32089502,
      "node_id": "MDQ6VXNlcjMyMDg5NTAy",
      "avatar_url": "https://avatars.githubusercontent.com/u/32089502?v=4",
      "gravatar_id": "",
      "url": "https://api.github.com/users/johndoknjas",
      "html_url": "https://github.com/johndoknjas",
      "followers_url": "https://api.github.com/users/johndoknjas/followers",
      "following_url": "https://api.github.com/users/johndoknjas/following{/other_user}",
      "gists_url": "https://api.github.com/users/johndoknjas/gists{/gist_id}",
      "starred_url": "https://api.github.com/users/johndoknjas/starred{/owner}{/repo}",
      "subscriptions_url": "https://api.github.com/users/johndoknjas/subscriptions",
      "organizations_url": "https://api.github.com/users/johndoknjas/orgs",
      "repos_url": "https://api.github.com/users/johndoknjas/repos",
      "events_url": "https://api.github.com/users/johndoknjas/events{/privacy}",
      "received_events_url": "https://api.github.com/users/johndoknjas/received_events",
      "type": "User",
      "user_view_type": "public",
      "site_admin": false
    },
    "parents": [
      {
        "sha": "6cecd4482be48298689cc3f1f34984f7a86016cd",
        "url": "https://api.github.com/repos/lichess-org/chessground/commits/6cecd4482be48298689cc3f1f34984f7a86016cd",
        "html_url": "https://github.com/lichess-org/chessground/commit/6cecd4482be48298689cc3f1f34984f7a86016cd"
      }
    ]
  },
  {
    "sha": "fa1c101fad429febdb62e6d6c0c000fdb087a293",
    "node_id": "C_kwDOATWd4toAKGZhMWMxMDFmYWQ0MjlmZWJkYjYyZTZkNmMwYzAwMGZkYjA4N2EyOTM",
    "commit": {
      "author": {
        "name": "John Doknjas",
        "email": "jdoknjas@sfu.ca",
        "date": "2025-10-14T00:06:32Z"
      },
      "committer": {
        "name": "John Doknjas",
        "email": "jdoknjas@sfu.ca",
        "date": "2025-10-14T00:06:32Z"
      },
      "message": "Apply PR feedback.",
      "tree": {
        "sha": "2ff4225e76d0c6b9f8f6261ba529505e3f3abb71",
        "url": "https://api.github.com/repos/lichess-org/chessground/git/trees/2ff4225e76d0c6b9f8f6261ba529505e3f3abb71"
      },
      "url": "https://api.github.com/repos/lichess-org/chessground/git/commits/fa1c101fad429febdb62e6d6c0c000fdb087a293",
      "comment_count": 0,
      "verification": {
        "verified": false,
        "reason": "unsigned",
        "signature": null,
        "payload": null,
        "verified_at": null
      }
    },
    "url": "https://api.github.com/repos/lichess-org/chessground/commits/fa1c101fad429febdb62e6d6c0c000fdb087a293",
    "html_url": "https://github.com/lichess-org/chessground/commit/fa1c101fad429febdb62e6d6c0c000fdb087a293",
    "comments_url": "https://api.github.com/repos/lichess-org/chessground/commits/fa1c101fad429febdb62e6d6c0c000fdb087a293/comments",
    "author": {
      "login": "johndoknjas",
      "id": 32089502,
      "node_id": "MDQ6VXNlcjMyMDg5NTAy",
      "avatar_url": "https://avatars.githubusercontent.com/u/32089502?v=4",
      "gravatar_id": "",
      "url": "https://api.github.com/users/johndoknjas",
      "html_url": "https://github.com/johndoknjas",
      "followers_url": "https://api.github.com/users/johndoknjas/followers",
      "following_url": "https://api.github.com/users/johndoknjas/following{/other_user}",
      "gists_url": "https://api.github.com/users/johndoknjas/gists{/gist_id}",
      "starred_url": "https://api.github.com/users/johndoknjas/starred{/owner}{/repo}",
      "subscriptions_url": "https://api.github.com/users/johndoknjas/subscriptions",
      "organizations_url": "https://api.github.com/users/johndoknjas/orgs",
      "repos_url": "https://api.github.com/users/johndoknjas/repos",
      "events_url": "https://api.github.com/users/johndoknjas/events{/privacy}",
      "received_events_url": "https://api.github.com/users/johndoknjas/received_events",
      "type": "User",
      "user_view_type": "public",
      "site_admin": false
    },
    "committer": {
      "login": "johndoknjas",
      "id": 32089502,
      "node_id": "MDQ6VXNlcjMyMDg5NTAy",
      "avatar_url": "https://avatars.githubusercontent.com/u/32089502?v=4",
      "gravatar_id": "",
      "url": "https://api.github.com/users/johndoknjas",
      "html_url": "https://github.com/johndoknjas",
      "followers_url": "https://api.github.com/users/johndoknjas/followers",
      "following_url": "https://api.github.com/users/johndoknjas/following{/other_user}",
      "gists_url": "https://api.github.com/users/johndoknjas/gists{/gist_id}",
      "starred_url": "https://api.github.com/users/johndoknjas/starred{/owner}{/repo}",
      "subscriptions_url": "https://api.github.com/users/johndoknjas/subscriptions",
      "organizations_url": "https://api.github.com/users/johndoknjas/orgs",
      "repos_url": "https://api.github.com/users/johndoknjas/repos",
      "events_url": "https://api.github.com/users/johndoknjas/events{/privacy}",
      "received_events_url": "https://api.github.com/users/johndoknjas/received_events",
      "type": "User",
      "user_view_type": "public",
      "site_admin": false
    },
    "parents": [
      {
        "sha": "22e3af4dc89b87fc472acf022bb50da8e8185012",
        "url": "https://api.github.com/repos/lichess-org/chessground/commits/22e3af4dc89b87fc472acf022bb50da8e8185012",
        "html_url": "https://github.com/lichess-org/chessground/commit/22e3af4dc89b87fc472acf022bb50da8e8185012"
      }
    ]
  },
  {
    "sha": "22e3af4dc89b87fc472acf022bb50da8e8185012",
    "node_id": "C_kwDOATWd4toAKDIyZTNhZjRkYzg5Yjg3ZmM0NzJhY2YwMjJiYjUwZGE4ZTgxODUwMTI",
    "commit": {
      "author": {
        "name": "John Doknjas",
        "email": "jdoknjas@sfu.ca",
        "date": "2025-10-12T22:20:45Z"
      },
      "committer": {
        "name": "John Doknjas",
        "email": "jdoknjas@sfu.ca",
        "date": "2025-10-12T22:20:45Z"
      },
      "message": "Make property name more precise.",
      "tree": {
        "sha": "43166de3a7d88715700d7e8d453ce9dfcf5f11b7",
        "url": "https://api.github.com/repos/lichess-org/chessground/git/trees/43166de3a7d88715700d7e8d453ce9dfcf5f11b7"
      },
      "url": "https://api.github.com/repos/lichess-org/chessground/git/commits/22e3af4dc89b87fc472acf022bb50da8e8185012",
      "comment_count": 0,
      "verification": {
        "verified": false,
        "reason": "unsigned",
        "signature": null,
        "payload": null,
        "verified_at": null
      }
    },
    "url": "https://api.github.com/repos/lichess-org/chessground/commits/22e3af4dc89b87fc472acf022bb50da8e8185012",
    "html_url": "https://github.com/lichess-org/chessground/commit/22e3af4dc89b87fc472acf022bb50da8e8185012",
    "comments_url": "https://api.github.com/repos/lichess-org/chessground/commits/22e3af4dc89b87fc472acf022bb50da8e8185012/comments",
    "author": {
      "login": "johndoknjas",
      "id": 32089502,
      "node_id": "MDQ6VXNlcjMyMDg5NTAy",
      "avatar_url": "https://avatars.githubusercontent.com/u/32089502?v=4",
      "gravatar_id": "",
      "url": "https://api.github.com/users/johndoknjas",
      "html_url": "https://github.com/johndoknjas",
      "followers_url": "https://api.github.com/users/johndoknjas/followers",
      "following_url": "https://api.github.com/users/johndoknjas/following{/other_user}",
      "gists_url": "https://api.github.com/users/johndoknjas/gists{/gist_id}",
      "starred_url": "https://api.github.com/users/johndoknjas/starred{/owner}{/repo}",
      "subscriptions_url": "https://api.github.com/users/johndoknjas/subscriptions",
      "organizations_url": "https://api.github.com/users/johndoknjas/orgs",
      "repos_url": "https://api.github.com/users/johndoknjas/repos",
      "events_url": "https://api.github.com/users/johndoknjas/events{/privacy}",
      "received_events_url": "https://api.github.com/users/johndoknjas/received_events",
      "type": "User",
      "user_view_type": "public",
      "site_admin": false
    },
    "committer": {
      "login": "johndoknjas",
      "id": 32089502,
      "node_id": "MDQ6VXNlcjMyMDg5NTAy",
      "avatar_url": "https://avatars.githubusercontent.com/u/32089502?v=4",
      "gravatar_id": "",
      "url": "https://api.github.com/users/johndoknjas",
      "html_url": "https://github.com/johndoknjas",
      "followers_url": "https://api.github.com/users/johndoknjas/followers",
      "following_url": "https://api.github.com/users/johndoknjas/following{/other_user}",
      "gists_url": "https://api.github.com/users/johndoknjas/gists{/gist_id}",
      "starred_url": "https://api.github.com/users/johndoknjas/starred{/owner}{/repo}",
      "subscriptions_url": "https://api.github.com/users/johndoknjas/subscriptions",
      "organizations_url": "https://api.github.com/users/johndoknjas/orgs",
      "repos_url": "https://api.github.com/users/johndoknjas/repos",
      "events_url": "https://api.github.com/users/johndoknjas/events{/privacy}",
      "received_events_url": "https://api.github.com/users/johndoknjas/received_events",
      "type": "User",
      "user_view_type": "public",
      "site_admin": false
    },
    "parents": [
      {
        "sha": "30ba00c3a8c10cf6cfdde6fab9e2b73aca74273a",
        "url": "https://api.github.com/repos/lichess-org/chessground/commits/30ba00c3a8c10cf6cfdde6fab9e2b73aca74273a",
        "html_url": "https://github.com/lichess-org/chessground/commit/30ba00c3a8c10cf6cfdde6fab9e2b73aca74273a"
      }
    ]
  },
  {
    "sha": "30ba00c3a8c10cf6cfdde6fab9e2b73aca74273a",
    "node_id": "C_kwDOATWd4toAKDMwYmEwMGMzYThjMTBjZjZjZmRkZTZmYWI5ZTJiNzNhY2E3NDI3M2E",
    "commit": {
      "author": {
        "name": "John Doknjas",
        "email": "jdoknjas@sfu.ca",
        "date": "2025-10-12T20:33:08Z"
      },
      "committer": {
        "name": "John Doknjas",
        "email": "jdoknjas@sfu.ca",
        "date": "2025-10-12T20:33:08Z"
      },
      "message": "Unrelated to PR, but make variable name a bit more accurate.",
      "tree": {
        "sha": "76e09efbe0ee52b14e8ab6963ba6fce3d6f1bebe",
        "url": "https://api.github.com/repos/lichess-org/chessground/git/trees/76e09efbe0ee52b14e8ab6963ba6fce3d6f1bebe"
      },
      "url": "https://api.github.com/repos/lichess-org/chessground/git/commits/30ba00c3a8c10cf6cfdde6fab9e2b73aca74273a",
      "comment_count": 0,
      "verification": {
        "verified": false,
        "reason": "unsigned",
        "signature": null,
        "payload": null,
        "verified_at": null
      }
    },
    "url": "https://api.github.com/repos/lichess-org/chessground/commits/30ba00c3a8c10cf6cfdde6fab9e2b73aca74273a",
    "html_url": "https://github.com/lichess-org/chessground/commit/30ba00c3a8c10cf6cfdde6fab9e2b73aca74273a",
    "comments_url": "https://api.github.com/repos/lichess-org/chessground/commits/30ba00c3a8c10cf6cfdde6fab9e2b73aca74273a/comments",
    "author": {
      "login": "johndoknjas",
      "id": 32089502,
      "node_id": "MDQ6VXNlcjMyMDg5NTAy",
      "avatar_url": "https://avatars.githubusercontent.com/u/32089502?v=4",
      "gravatar_id": "",
      "url": "https://api.github.com/users/johndoknjas",
      "html_url": "https://github.com/johndoknjas",
      "followers_url": "https://api.github.com/users/johndoknjas/followers",
      "following_url": "https://api.github.com/users/johndoknjas/following{/other_user}",
      "gists_url": "https://api.github.com/users/johndoknjas/gists{/gist_id}",
      "starred_url": "https://api.github.com/users/johndoknjas/starred{/owner}{/repo}",
      "subscriptions_url": "https://api.github.com/users/johndoknjas/subscriptions",
      "organizations_url": "https://api.github.com/users/johndoknjas/orgs",
      "repos_url": "https://api.github.com/users/johndoknjas/repos",
      "events_url": "https://api.github.com/users/johndoknjas/events{/privacy}",
      "received_events_url": "https://api.github.com/users/johndoknjas/received_events",
      "type": "User",
      "user_view_type": "public",
      "site_admin": false
    },
    "committer": {
      "login": "johndoknjas",
      "id": 32089502,
      "node_id": "MDQ6VXNlcjMyMDg5NTAy",
      "avatar_url": "https://avatars.githubusercontent.com/u/32089502?v=4",
      "gravatar_id": "",
      "url": "https://api.github.com/users/johndoknjas",
      "html_url": "https://github.com/johndoknjas",
      "followers_url": "https://api.github.com/users/johndoknjas/followers",
      "following_url": "https://api.github.com/users/johndoknjas/following{/other_user}",
      "gists_url": "https://api.github.com/users/johndoknjas/gists{/gist_id}",
      "starred_url": "https://api.github.com/users/johndoknjas/starred{/owner}{/repo}",
      "subscriptions_url": "https://api.github.com/users/johndoknjas/subscriptions",
      "organizations_url": "https://api.github.com/users/johndoknjas/orgs",
      "repos_url": "https://api.github.com/users/johndoknjas/repos",
      "events_url": "https://api.github.com/users/johndoknjas/events{/privacy}",
      "received_events_url": "https://api.github.com/users/johndoknjas/received_events",
      "type": "User",
      "user_view_type": "public",
      "site_admin": false
    },
    "parents": [
      {
        "sha": "23316e973fe17b6903630387adf2aa4c8a08ed4d",
        "url": "https://api.github.com/repos/lichess-org/chessground/commits/23316e973fe17b6903630387adf2aa4c8a08ed4d",
        "html_url": "https://github.com/lichess-org/chessground/commit/23316e973fe17b6903630387adf2aa4c8a08ed4d"
      }
    ]
  },
  {
    "sha": "23316e973fe17b6903630387adf2aa4c8a08ed4d",
    "node_id": "C_kwDOATWd4toAKDIzMzE2ZTk3M2ZlMTdiNjkwMzYzMDM4N2FkZjJhYTRjOGEwOGVkNGQ",
    "commit": {
      "author": {
        "name": "John Doknjas",
        "email": "jdoknjas@sfu.ca",
        "date": "2025-10-12T19:47:16Z"
      },
      "committer": {
        "name": "John Doknjas",
        "email": "jdoknjas@sfu.ca",
        "date": "2025-10-12T19:49:01Z"
      },
      "message": "Clear shapes after the user clicks/taps, rather than on mouch down.",
      "tree": {
        "sha": "5fa27c14b478cf2a7f3ba5ab4ccdf63594e01b27",
        "url": "https://api.github.com/repos/lichess-org/chessground/git/trees/5fa27c14b478cf2a7f3ba5ab4ccdf63594e01b27"
      },
      "url": "https://api.github.com/repos/lichess-org/chessground/git/commits/23316e973fe17b6903630387adf2aa4c8a08ed4d",
      "comment_count": 0,
      "verification": {
        "verified": false,
        "reason": "unsigned",
        "signature": null,
        "payload": null,
        "verified_at": null
      }
    },
    "url": "https://api.github.com/repos/lichess-org/chessground/commits/23316e973fe17b6903630387adf2aa4c8a08ed4d",
    "html_url": "https://github.com/lichess-org/chessground/commit/23316e973fe17b6903630387adf2aa4c8a08ed4d",
    "comments_url": "https://api.github.com/repos/lichess-org/chessground/commits/23316e973fe17b6903630387adf2aa4c8a08ed4d/comments",
    "author": {
      "login": "johndoknjas",
      "id": 32089502,
      "node_id": "MDQ6VXNlcjMyMDg5NTAy",
      "avatar_url": "https://avatars.githubusercontent.com/u/32089502?v=4",
      "gravatar_id": "",
      "url": "https://api.github.com/users/johndoknjas",
      "html_url": "https://github.com/johndoknjas",
      "followers_url": "https://api.github.com/users/johndoknjas/followers",
      "following_url": "https://api.github.com/users/johndoknjas/following{/other_user}",
      "gists_url": "https://api.github.com/users/johndoknjas/gists{/gist_id}",
      "starred_url": "https://api.github.com/users/johndoknjas/starred{/owner}{/repo}",
      "subscriptions_url": "https://api.github.com/users/johndoknjas/subscriptions",
      "organizations_url": "https://api.github.com/users/johndoknjas/orgs",
      "repos_url": "https://api.github.com/users/johndoknjas/repos",
      "events_url": "https://api.github.com/users/johndoknjas/events{/privacy}",
      "received_events_url": "https://api.github.com/users/johndoknjas/received_events",
      "type": "User",
      "user_view_type": "public",
      "site_admin": false
    },
    "committer": {
      "login": "johndoknjas",
      "id": 32089502,
      "node_id": "MDQ6VXNlcjMyMDg5NTAy",
      "avatar_url": "https://avatars.githubusercontent.com/u/32089502?v=4",
      "gravatar_id": "",
      "url": "https://api.github.com/users/johndoknjas",
      "html_url": "https://github.com/johndoknjas",
      "followers_url": "https://api.github.com/users/johndoknjas/followers",
      "following_url": "https://api.github.com/users/johndoknjas/following{/other_user}",
      "gists_url": "https://api.github.com/users/johndoknjas/gists{/gist_id}",
      "starred_url": "https://api.github.com/users/johndoknjas/starred{/owner}{/repo}",
      "subscriptions_url": "https://api.github.com/users/johndoknjas/subscriptions",
      "organizations_url": "https://api.github.com/users/johndoknjas/orgs",
      "repos_url": "https://api.github.com/users/johndoknjas/repos",
      "events_url": "https://api.github.com/users/johndoknjas/events{/privacy}",
      "received_events_url": "https://api.github.com/users/johndoknjas/received_events",
      "type": "User",
      "user_view_type": "public",
      "site_admin": false
    },
    "parents": [
      {
        "sha": "c101fc8211028080ce66cd766b0267ac044a0867",
        "url": "https://api.github.com/repos/lichess-org/chessground/commits/c101fc8211028080ce66cd766b0267ac044a0867",
        "html_url": "https://github.com/lichess-org/chessground/commit/c101fc8211028080ce66cd766b0267ac044a0867"
      }
    ]
  },
  {
    "sha": "1535f9043be22324e62436a45b76827a6b0fd532",
    "node_id": "C_kwDOATWd4toAKDE1MzVmOTA0M2JlMjIzMjRlNjI0MzZhNDViNzY4MjdhNmIwZmQ1MzI",
    "commit": {
      "author": {
        "name": "Jonathan Gamble",
        "email": "gamblej@gmail.com",
        "date": "2025-08-31T00:46:38Z"
      },
      "committer": {
        "name": "Jonathan Gamble",
        "email": "gamblej@gmail.com",
        "date": "2025-08-31T00:46:38Z"
      },
      "message": "rename to touchIgnoreRadius",
      "tree": {
        "sha": "ac80550d8a92e4f53317f9b21fc43b0df138e612",
        "url": "https://api.github.com/repos/lichess-org/chessground/git/trees/ac80550d8a92e4f53317f9b21fc43b0df138e612"
      },
      "url": "https://api.github.com/repos/lichess-org/chessground/git/commits/1535f9043be22324e62436a45b76827a6b0fd532",
      "comment_count": 0,
      "verification": {
        "verified": false,
        "reason": "unsigned",
        "signature": null,
        "payload": null,
        "verified_at": null
      }
    },
    "url": "https://api.github.com/repos/lichess-org/chessground/commits/1535f9043be22324e62436a45b76827a6b0fd532",
    "html_url": "https://github.com/lichess-org/chessground/commit/1535f9043be22324e62436a45b76827a6b0fd532",
    "comments_url": "https://api.github.com/repos/lichess-org/chessground/commits/1535f9043be22324e62436a45b76827a6b0fd532/comments",
    "author": {
      "login": "jonbgamble",
      "id": 101470903,
      "node_id": "U_kgDOBgxStw",
      "avatar_url": "https://avatars.githubusercontent.com/u/101470903?v=4",
      "gravatar_id": "",
      "url": "https://api.github.com/users/jonbgamble",
      "html_url": "https://github.com/jonbgamble",
      "followers_url": "https://api.github.com/users/jonbgamble/followers",
      "following_url": "https://api.github.com/users/jonbgamble/following{/other_user}",
      "gists_url": "https://api.github.com/users/jonbgamble/gists{/gist_id}",
      "starred_url": "https://api.github.com/users/jonbgamble/starred{/owner}{/repo}",
      "subscriptions_url": "https://api.github.com/users/jonbgamble/subscriptions",
      "organizations_url": "https://api.github.com/users/jonbgamble/orgs",
      "repos_url": "https://api.github.com/users/jonbgamble/repos",
      "events_url": "https://api.github.com/users/jonbgamble/events{/privacy}",
      "received_events_url": "https://api.github.com/users/jonbgamble/received_events",
      "type": "User",
      "user_view_type": "public",
      "site_admin": false
    },
    "committer": {
      "login": "jonbgamble",
      "id": 101470903,
      "node_id": "U_kgDOBgxStw",
      "avatar_url": "https://avatars.githubusercontent.com/u/101470903?v=4",
      "gravatar_id": "",
      "url": "https://api.github.com/users/jonbgamble",
      "html_url": "https://github.com/jonbgamble",
      "followers_url": "https://api.github.com/users/jonbgamble/followers",
      "following_url": "https://api.github.com/users/jonbgamble/following{/other_user}",
      "gists_url": "https://api.github.com/users/jonbgamble/gists{/gist_id}",
      "starred_url": "https://api.github.com/users/jonbgamble/starred{/owner}{/repo}",
      "subscriptions_url": "https://api.github.com/users/jonbgamble/subscriptions",
      "organizations_url": "https://api.github.com/users/jonbgamble/orgs",
      "repos_url": "https://api.github.com/users/jonbgamble/repos",
      "events_url": "https://api.github.com/users/jonbgamble/events{/privacy}",
      "received_events_url": "https://api.github.com/users/jonbgamble/received_events",
      "type": "User",
      "user_view_type": "public",
      "site_admin": false
    },
    "parents": [
      {
        "sha": "b265e7082e0103abb70dfb6e22004fa31ac17286",
        "url": "https://api.github.com/repos/lichess-org/chessground/commits/b265e7082e0103abb70dfb6e22004fa31ac17286",
        "html_url": "https://github.com/lichess-org/chessground/commit/b265e7082e0103abb70dfb6e22004fa31ac17286"
      }
    ]
  },
  {
    "sha": "6725744a728f1fa8ac6223663b71cef469085e41",
    "node_id": "C_kwDOATWd4toAKDY3MjU3NDRhNzI4ZjFmYThhYzYyMjM2NjNiNzFjZWY0NjkwODVlNDE",
    "commit": {
      "author": {
        "name": "Jonathan Gamble",
        "email": "gamblej@gmail.com",
        "date": "2025-08-30T23:46:54Z"
      },
      "committer": {
        "name": "Jonathan Gamble",
        "email": "gamblej@gmail.com",
        "date": "2025-08-30T23:46:54Z"
      },
      "message": "touchIgnoreRatio ignores touches around an occupied square",
      "tree": {
        "sha": "f0fea79cc675bbcd0d0d231fc7edb070ef156ab8",
        "url": "https://api.github.com/repos/lichess-org/chessground/git/trees/f0fea79cc675bbcd0d0d231fc7edb070ef156ab8"
      },
      "url": "https://api.github.com/repos/lichess-org/chessground/git/commits/6725744a728f1fa8ac6223663b71cef469085e41",
      "comment_count": 0,
      "verification": {
        "verified": false,
        "reason": "unsigned",
        "signature": null,
        "payload": null,
        "verified_at": null
      }
    },
    "url": "https://api.github.com/repos/lichess-org/chessground/commits/6725744a728f1fa8ac6223663b71cef469085e41",
    "html_url": "https://github.com/lichess-org/chessground/commit/6725744a728f1fa8ac6223663b71cef469085e41",
    "comments_url": "https://api.github.com/repos/lichess-org/chessground/commits/6725744a728f1fa8ac6223663b71cef469085e41/comments",
    "author": {
      "login": "jonbgamble",
      "id": 101470903,
      "node_id": "U_kgDOBgxStw",
      "avatar_url": "https://avatars.githubusercontent.com/u/101470903?v=4",
      "gravatar_id": "",
      "url": "https://api.github.com/users/jonbgamble",
      "html_url": "https://github.com/jonbgamble",
      "followers_url": "https://api.github.com/users/jonbgamble/followers",
      "following_url": "https://api.github.com/users/jonbgamble/following{/other_user}",
      "gists_url": "https://api.github.com/users/jonbgamble/gists{/gist_id}",
      "starred_url": "https://api.github.com/users/jonbgamble/starred{/owner}{/repo}",
      "subscriptions_url": "https://api.github.com/users/jonbgamble/subscriptions",
      "organizations_url": "https://api.github.com/users/jonbgamble/orgs",
      "repos_url": "https://api.github.com/users/jonbgamble/repos",
      "events_url": "https://api.github.com/users/jonbgamble/events{/privacy}",
      "received_events_url": "https://api.github.com/users/jonbgamble/received_events",
      "type": "User",
      "user_view_type": "public",
      "site_admin": false
    },
    "committer": {
      "login": "jonbgamble",
      "id": 101470903,
      "node_id": "U_kgDOBgxStw",
      "avatar_url": "https://avatars.githubusercontent.com/u/101470903?v=4",
      "gravatar_id": "",
      "url": "https://api.github.com/users/jonbgamble",
      "html_url": "https://github.com/jonbgamble",
      "followers_url": "https://api.github.com/users/jonbgamble/followers",
      "following_url": "https://api.github.com/users/jonbgamble/following{/other_user}",
      "gists_url": "https://api.github.com/users/jonbgamble/gists{/gist_id}",
      "starred_url": "https://api.github.com/users/jonbgamble/starred{/owner}{/repo}",
      "subscriptions_url": "https://api.github.com/users/jonbgamble/subscriptions",
      "organizations_url": "https://api.github.com/users/jonbgamble/orgs",
      "repos_url": "https://api.github.com/users/jonbgamble/repos",
      "events_url": "https://api.github.com/users/jonbgamble/events{/privacy}",
      "received_events_url": "https://api.github.com/users/jonbgamble/received_events",
      "type": "User",
      "user_view_type": "public",
      "site_admin": false
    },
    "parents": [
      {
        "sha": "9892e63392e4966973b4e3d954d97319c734b3ad",
        "url": "https://api.github.com/repos/lichess-org/chessground/commits/9892e63392e4966973b4e3d954d97319c734b3ad",
        "html_url": "https://github.com/lichess-org/chessground/commit/9892e63392e4966973b4e3d954d97319c734b3ad"
      }
    ]
  },
  {
    "sha": "e1729a14564283cbbdf3fed1a5a8eb6755c8a107",
    "node_id": "C_kwDOATWd4toAKGUxNzI5YTE0NTY0MjgzY2JiZGYzZmVkMWE1YThlYjY3NTVjOGExMDc",
    "commit": {
      "author": {
        "name": "Jonathan Gamble",
        "email": "gamblej@gmail.com",
        "date": "2025-08-29T04:46:44Z"
      },
      "committer": {
        "name": "Jonathan Gamble",
        "email": "gamblej@gmail.com",
        "date": "2025-08-29T04:52:56Z"
      },
      "message": "forward touches outside of radius from square center to square corner",
      "tree": {
        "sha": "cb1b87e148cfe363dba929a16eaf75f5314ddeb4",
        "url": "https://api.github.com/repos/lichess-org/chessground/git/trees/cb1b87e148cfe363dba929a16eaf75f5314ddeb4"
      },
      "url": "https://api.github.com/repos/lichess-org/chessground/git/commits/e1729a14564283cbbdf3fed1a5a8eb6755c8a107",
      "comment_count": 0,
      "verification": {
        "verified": false,
        "reason": "unsigned",
        "signature": null,
        "payload": null,
        "verified_at": null
      }
    },
    "url": "https://api.github.com/repos/lichess-org/chessground/commits/e1729a14564283cbbdf3fed1a5a8eb6755c8a107",
    "html_url": "https://github.com/lichess-org/chessground/commit/e1729a14564283cbbdf3fed1a5a8eb6755c8a107",
    "comments_url": "https://api.github.com/repos/lichess-org/chessground/commits/e1729a14564283cbbdf3fed1a5a8eb6755c8a107/comments",
    "author": {
      "login": "jonbgamble",
      "id": 101470903,
      "node_id": "U_kgDOBgxStw",
      "avatar_url": "https://avatars.githubusercontent.com/u/101470903?v=4",
      "gravatar_id": "",
      "url": "https://api.github.com/users/jonbgamble",
      "html_url": "https://github.com/jonbgamble",
      "followers_url": "https://api.github.com/users/jonbgamble/followers",
      "following_url": "https://api.github.com/users/jonbgamble/following{/other_user}",
      "gists_url": "https://api.github.com/users/jonbgamble/gists{/gist_id}",
      "starred_url": "https://api.github.com/users/jonbgamble/starred{/owner}{/repo}",
      "subscriptions_url": "https://api.github.com/users/jonbgamble/subscriptions",
      "organizations_url": "https://api.github.com/users/jonbgamble/orgs",
      "repos_url": "https://api.github.com/users/jonbgamble/repos",
      "events_url": "https://api.github.com/users/jonbgamble/events{/privacy}",
      "received_events_url": "https://api.github.com/users/jonbgamble/received_events",
      "type": "User",
      "user_view_type": "public",
      "site_admin": false
    },
    "committer": {
      "login": "jonbgamble",
      "id": 101470903,
      "node_id": "U_kgDOBgxStw",
      "avatar_url": "https://avatars.githubusercontent.com/u/101470903?v=4",
      "gravatar_id": "",
      "url": "https://api.github.com/users/jonbgamble",
      "html_url": "https://github.com/jonbgamble",
      "followers_url": "https://api.github.com/users/jonbgamble/followers",
      "following_url": "https://api.github.com/users/jonbgamble/following{/other_user}",
      "gists_url": "https://api.github.com/users/jonbgamble/gists{/gist_id}",
      "starred_url": "https://api.github.com/users/jonbgamble/starred{/owner}{/repo}",
      "subscriptions_url": "https://api.github.com/users/jonbgamble/subscriptions",
      "organizations_url": "https://api.github.com/users/jonbgamble/orgs",
      "repos_url": "https://api.github.com/users/jonbgamble/repos",
      "events_url": "https://api.github.com/users/jonbgamble/events{/privacy}",
      "received_events_url": "https://api.github.com/users/jonbgamble/received_events",
      "type": "User",
      "user_view_type": "public",
      "site_admin": false
    },
    "parents": [
      {
        "sha": "d711916e9c6707cc4e87d7ab16ffdb4aea129f35",
        "url": "https://api.github.com/repos/lichess-org/chessground/commits/d711916e9c6707cc4e87d7ab16ffdb4aea129f35",
        "html_url": "https://github.com/lichess-org/chessground/commit/d711916e9c6707cc4e87d7ab16ffdb4aea129f35"
      }
    ]
  },
  {
    "sha": "b1a204326718d0a78d3aa9ecce94a615b07f371a",
    "node_id": "C_kwDOATWd4toAKGIxYTIwNDMyNjcxOGQwYTc4ZDNhYTllY2NlOTRhNjE1YjA3ZjM3MWE",
    "commit": {
      "author": {
        "name": "Jonathan Gamble",
        "email": "gamblej@gmail.com",
        "date": "2023-09-23T07:52:31Z"
      },
      "committer": {
        "name": "Jonathan Gamble",
        "email": "gamblej@gmail.com",
        "date": "2023-09-23T07:52:31Z"
      },
      "message": "ctrl disables autoqueen on firefox mac",
      "tree": {
        "sha": "826d0d1e27c99b3002f84e49ddfb3c2519711118",
        "url": "https://api.github.com/repos/lichess-org/chessground/git/trees/826d0d1e27c99b3002f84e49ddfb3c2519711118"
      },
      "url": "https://api.github.com/repos/lichess-org/chessground/git/commits/b1a204326718d0a78d3aa9ecce94a615b07f371a",
      "comment_count": 0,
      "verification": {
        "verified": false,
        "reason": "unsigned",
        "signature": null,
        "payload": null,
        "verified_at": null
      }
    },
    "url": "https://api.github.com/repos/lichess-org/chessground/commits/b1a204326718d0a78d3aa9ecce94a615b07f371a",
    "html_url": "https://github.com/lichess-org/chessground/commit/b1a204326718d0a78d3aa9ecce94a615b07f371a",
    "comments_url": "https://api.github.com/repos/lichess-org/chessground/commits/b1a204326718d0a78d3aa9ecce94a615b07f371a/comments",
    "author": {
      "login": "jonbgamble",
      "id": 101470903,
      "node_id": "U_kgDOBgxStw",
      "avatar_url": "https://avatars.githubusercontent.com/u/101470903?v=4",
      "gravatar_id": "",
      "url": "https://api.github.com/users/jonbgamble",
      "html_url": "https://github.com/jonbgamble",
      "followers_url": "https://api.github.com/users/jonbgamble/followers",
      "following_url": "https://api.github.com/users/jonbgamble/following{/other_user}",
      "gists_url": "https://api.github.com/users/jonbgamble/gists{/gist_id}",
      "starred_url": "https://api.github.com/users/jonbgamble/starred{/owner}{/repo}",
      "subscriptions_url": "https://api.github.com/users/jonbgamble/subscriptions",
      "organizations_url": "https://api.github.com/users/jonbgamble/orgs",
      "repos_url": "https://api.github.com/users/jonbgamble/repos",
      "events_url": "https://api.github.com/users/jonbgamble/events{/privacy}",
      "received_events_url": "https://api.github.com/users/jonbgamble/received_events",
      "type": "User",
      "user_view_type": "public",
      "site_admin": false
    },
    "committer": {
      "login": "jonbgamble",
      "id": 101470903,
      "node_id": "U_kgDOBgxStw",
      "avatar_url": "https://avatars.githubusercontent.com/u/101470903?v=4",
      "gravatar_id": "",
      "url": "https://api.github.com/users/jonbgamble",
      "html_url": "https://github.com/jonbgamble",
      "followers_url": "https://api.github.com/users/jonbgamble/followers",
      "following_url": "https://api.github.com/users/jonbgamble/following{/other_user}",
      "gists_url": "https://api.github.com/users/jonbgamble/gists{/gist_id}",
      "starred_url": "https://api.github.com/users/jonbgamble/starred{/owner}{/repo}",
      "subscriptions_url": "https://api.github.com/users/jonbgamble/subscriptions",
      "organizations_url": "https://api.github.com/users/jonbgamble/orgs",
      "repos_url": "https://api.github.com/users/jonbgamble/repos",
      "events_url": "https://api.github.com/users/jonbgamble/events{/privacy}",
      "received_events_url": "https://api.github.com/users/jonbgamble/received_events",
      "type": "User",
      "user_view_type": "public",
      "site_admin": false
    },
    "parents": [
      {
        "sha": "b843a9ee374889f0ea772a3da188bc3275642ef8",
        "url": "https://api.github.com/repos/lichess-org/chessground/commits/b843a9ee374889f0ea772a3da188bc3275642ef8",
        "html_url": "https://github.com/lichess-org/chessground/commit/b843a9ee374889f0ea772a3da188bc3275642ef8"
      }
    ]
  },
  {
    "sha": "2f2bfdef1e883e5e7436dd698ca7f402c5f280b9",
    "node_id": "C_kwDOATWd4toAKDJmMmJmZGVmMWU4ODNlNWU3NDM2ZGQ2OThjYTdmNDAyYzVmMjgwYjk",
    "commit": {
      "author": {
        "name": "Jonathan Gamble",
        "email": "gamblej@gmail.com",
        "date": "2023-08-16T05:47:55Z"
      },
      "committer": {
        "name": "Jonathan Gamble",
        "email": "gamblej@gmail.com",
        "date": "2023-08-16T05:47:55Z"
      },
      "message": "prettier 110, update esbuild",
      "tree": {
        "sha": "395f67db4fd96586d6b69bfbc805d5821301c128",
        "url": "https://api.github.com/repos/lichess-org/chessground/git/trees/395f67db4fd96586d6b69bfbc805d5821301c128"
      },
      "url": "https://api.github.com/repos/lichess-org/chessground/git/commits/2f2bfdef1e883e5e7436dd698ca7f402c5f280b9",
      "comment_count": 0,
      "verification": {
        "verified": false,
        "reason": "unsigned",
        "signature": null,
        "payload": null,
        "verified_at": null
      }
    },
    "url": "https://api.github.com/repos/lichess-org/chessground/commits/2f2bfdef1e883e5e7436dd698ca7f402c5f280b9",
    "html_url": "https://github.com/lichess-org/chessground/commit/2f2bfdef1e883e5e7436dd698ca7f402c5f280b9",
    "comments_url": "https://api.github.com/repos/lichess-org/chessground/commits/2f2bfdef1e883e5e7436dd698ca7f402c5f280b9/comments",
    "author": {
      "login": "jonbgamble",
      "id": 101470903,
      "node_id": "U_kgDOBgxStw",
      "avatar_url": "https://avatars.githubusercontent.com/u/101470903?v=4",
      "gravatar_id": "",
      "url": "https://api.github.com/users/jonbgamble",
      "html_url": "https://github.com/jonbgamble",
      "followers_url": "https://api.github.com/users/jonbgamble/followers",
      "following_url": "https://api.github.com/users/jonbgamble/following{/other_user}",
      "gists_url": "https://api.github.com/users/jonbgamble/gists{/gist_id}",
      "starred_url": "https://api.github.com/users/jonbgamble/starred{/owner}{/repo}",
      "subscriptions_url": "https://api.github.com/users/jonbgamble/subscriptions",
      "organizations_url": "https://api.github.com/users/jonbgamble/orgs",
      "repos_url": "https://api.github.com/users/jonbgamble/repos",
      "events_url": "https://api.github.com/users/jonbgamble/events{/privacy}",
      "received_events_url": "https://api.github.com/users/jonbgamble/received_events",
      "type": "User",
      "user_view_type": "public",
      "site_admin": false
    },
    "committer": {
      "login": "jonbgamble",
      "id": 101470903,
      "node_id": "U_kgDOBgxStw",
      "avatar_url": "https://avatars.githubusercontent.com/u/101470903?v=4",
      "gravatar_id": "",
      "url": "https://api.github.com/users/jonbgamble",
      "html_url": "https://github.com/jonbgamble",
      "followers_url": "https://api.github.com/users/jonbgamble/followers",
      "following_url": "https://api.github.com/users/jonbgamble/following{/other_user}",
      "gists_url": "https://api.github.com/users/jonbgamble/gists{/gist_id}",
      "starred_url": "https://api.github.com/users/jonbgamble/starred{/owner}{/repo}",
      "subscriptions_url": "https://api.github.com/users/jonbgamble/subscriptions",
      "organizations_url": "https://api.github.com/users/jonbgamble/orgs",
      "repos_url": "https://api.github.com/users/jonbgamble/repos",
      "events_url": "https://api.github.com/users/jonbgamble/events{/privacy}",
      "received_events_url": "https://api.github.com/users/jonbgamble/received_events",
      "type": "User",
      "user_view_type": "public",
      "site_admin": false
    },
    "parents": [
      {
        "sha": "0f44e7c6fe583b200d13081c47f2fed5d591754e",
        "url": "https://api.github.com/repos/lichess-org/chessground/commits/0f44e7c6fe583b200d13081c47f2fed5d591754e",
        "html_url": "https://github.com/lichess-org/chessground/commit/0f44e7c6fe583b200d13081c47f2fed5d591754e"
      }
    ]
  },
  {
    "sha": "b2b3837248a1fa270b3ba2dbb3fdfcc3288f6821",
    "node_id": "C_kwDOATWd4toAKGIyYjM4MzcyNDhhMWZhMjcwYjNiYTJkYmIzZmRmY2MzMjg4ZjY4MjE",
    "commit": {
      "author": {
        "name": "Trufa",
        "email": "trufavarela@gmail.com",
        "date": "2023-06-29T20:09:02Z"
      },
      "committer": {
        "name": "Trufa",
        "email": "trufavarela@gmail.com",
        "date": "2023-06-29T20:09:02Z"
      },
      "message": "Add optional config setting to trust all input\n\nAdd `trustAllEvents` optional property that when set to true will allow non trusted events.",
      "tree": {
        "sha": "d324ab4f0b293ed88f298b2f313dc9cd05586cde",
        "url": "https://api.github.com/repos/lichess-org/chessground/git/trees/d324ab4f0b293ed88f298b2f313dc9cd05586cde"
      },
      "url": "https://api.github.com/repos/lichess-org/chessground/git/commits/b2b3837248a1fa270b3ba2dbb3fdfcc3288f6821",
      "comment_count": 0,
      "verification": {
        "verified": false,
        "reason": "unsigned",
        "signature": null,
        "payload": null,
        "verified_at": null
      }
    },
    "url": "https://api.github.com/repos/lichess-org/chessground/commits/b2b3837248a1fa270b3ba2dbb3fdfcc3288f6821",
    "html_url": "https://github.com/lichess-org/chessground/commit/b2b3837248a1fa270b3ba2dbb3fdfcc3288f6821",
    "comments_url": "https://api.github.com/repos/lichess-org/chessground/commits/b2b3837248a1fa270b3ba2dbb3fdfcc3288f6821/comments",
    "author": {
      "login": "trufa",
      "id": 414789,
      "node_id": "MDQ6VXNlcjQxNDc4OQ==",
      "avatar_url": "https://avatars.githubusercontent.com/u/414789?v=4",
      "gravatar_id": "",
      "url": "https://api.github.com/users/trufa",
      "html_url": "https://github.com/trufa",
      "followers_url": "https://api.github.com/users/trufa/followers",
      "following_url": "https://api.github.com/users/trufa/following{/other_user}",
      "gists_url": "https://api.github.com/users/trufa/gists{/gist_id}",
      "starred_url": "https://api.github.com/users/trufa/starred{/owner}{/repo}",
      "subscriptions_url": "https://api.github.com/users/trufa/subscriptions",
      "organizations_url": "https://api.github.com/users/trufa/orgs",
      "repos_url": "https://api.github.com/users/trufa/repos",
      "events_url": "https://api.github.com/users/trufa/events{/privacy}",
      "received_events_url": "https://api.github.com/users/trufa/received_events",
      "type": "User",
      "user_view_type": "public",
      "site_admin": false
    },
    "committer": {
      "login": "trufa",
      "id": 414789,
      "node_id": "MDQ6VXNlcjQxNDc4OQ==",
      "avatar_url": "https://avatars.githubusercontent.com/u/414789?v=4",
      "gravatar_id": "",
      "url": "https://api.github.com/users/trufa",
      "html_url": "https://github.com/trufa",
      "followers_url": "https://api.github.com/users/trufa/followers",
      "following_url": "https://api.github.com/users/trufa/following{/other_user}",
      "gists_url": "https://api.github.com/users/trufa/gists{/gist_id}",
      "starred_url": "https://api.github.com/users/trufa/starred{/owner}{/repo}",
      "subscriptions_url": "https://api.github.com/users/trufa/subscriptions",
      "organizations_url": "https://api.github.com/users/trufa/orgs",
      "repos_url": "https://api.github.com/users/trufa/repos",
      "events_url": "https://api.github.com/users/trufa/events{/privacy}",
      "received_events_url": "https://api.github.com/users/trufa/received_events",
      "type": "User",
      "user_view_type": "public",
      "site_admin": false
    },
    "parents": [
      {
        "sha": "db212628660dcf5a4f3ebdf3cbcf863af9a77569",
        "url": "https://api.github.com/repos/lichess-org/chessground/commits/db212628660dcf5a4f3ebdf3cbcf863af9a77569",
        "html_url": "https://github.com/lichess-org/chessground/commit/db212628660dcf5a4f3ebdf3cbcf863af9a77569"
      }
    ]
  },
  {
    "sha": "3fcf17841822e205a8bfde7d23431f7af136beed",
    "node_id": "C_kwDOATWd4toAKDNmY2YxNzg0MTgyMmUyMDVhOGJmZGU3ZDIzNDMxZjdhZjEzNmJlZWQ",
    "commit": {
      "author": {
        "name": "Thibault Duplessis",
        "email": "t@lichess.org",
        "date": "2023-06-28T15:36:28Z"
      },
      "committer": {
        "name": "Thibault Duplessis",
        "email": "t@lichess.org",
        "date": "2023-06-28T15:36:28Z"
      },
      "message": "use the pull request comment as code documentation",
      "tree": {
        "sha": "9dd317a126f180944515142da7efe62148fa3f08",
        "url": "https://api.github.com/repos/lichess-org/chessground/git/trees/9dd317a126f180944515142da7efe62148fa3f08"
      },
      "url": "https://api.github.com/repos/lichess-org/chessground/git/commits/3fcf17841822e205a8bfde7d23431f7af136beed",
      "comment_count": 0,
      "verification": {
        "verified": false,
        "reason": "unsigned",
        "signature": null,
        "payload": null,
        "verified_at": null
      }
    },
    "url": "https://api.github.com/repos/lichess-org/chessground/commits/3fcf17841822e205a8bfde7d23431f7af136beed",
    "html_url": "https://github.com/lichess-org/chessground/commit/3fcf17841822e205a8bfde7d23431f7af136beed",
    "comments_url": "https://api.github.com/repos/lichess-org/chessground/commits/3fcf17841822e205a8bfde7d23431f7af136beed/comments",
    "author": {
      "login": "ornicar",
      "id": 140370,
      "node_id": "MDQ6VXNlcjE0MDM3MA==",
      "avatar_url": "https://avatars.githubusercontent.com/u/140370?v=4",
      "gravatar_id": "",
      "url": "https://api.github.com/users/ornicar",
      "html_url": "https://github.com/ornicar",
      "followers_url": "https://api.github.com/users/ornicar/followers",
      "following_url": "https://api.github.com/users/ornicar/following{/other_user}",
      "gists_url": "https://api.github.com/users/ornicar/gists{/gist_id}",
      "starred_url": "https://api.github.com/users/ornicar/starred{/owner}{/repo}",
      "subscriptions_url": "https://api.github.com/users/ornicar/subscriptions",
      "organizations_url": "https://api.github.com/users/ornicar/orgs",
      "repos_url": "https://api.github.com/users/ornicar/repos",
      "events_url": "https://api.github.com/users/ornicar/events{/privacy}",
      "received_events_url": "https://api.github.com/users/ornicar/received_events",
      "type": "User",
      "user_view_type": "public",
      "site_admin": false
    },
    "committer": {
      "login": "ornicar",
      "id": 140370,
      "node_id": "MDQ6VXNlcjE0MDM3MA==",
      "avatar_url": "https://avatars.githubusercontent.com/u/140370?v=4",
      "gravatar_id": "",
      "url": "https://api.github.com/users/ornicar",
      "html_url": "https://github.com/ornicar",
      "followers_url": "https://api.github.com/users/ornicar/followers",
      "following_url": "https://api.github.com/users/ornicar/following{/other_user}",
      "gists_url": "https://api.github.com/users/ornicar/gists{/gist_id}",
      "starred_url": "https://api.github.com/users/ornicar/starred{/owner}{/repo}",
      "subscriptions_url": "https://api.github.com/users/ornicar/subscriptions",
      "organizations_url": "https://api.github.com/users/ornicar/orgs",
      "repos_url": "https://api.github.com/users/ornicar/repos",
      "events_url": "https://api.github.com/users/ornicar/events{/privacy}",
      "received_events_url": "https://api.github.com/users/ornicar/received_events",
      "type": "User",
      "user_view_type": "public",
      "site_admin": false
    },
    "parents": [
      {
        "sha": "4b5b4aebf56b7974e52dff211a3776c04d697f57",
        "url": "https://api.github.com/repos/lichess-org/chessground/commits/4b5b4aebf56b7974e52dff211a3776c04d697f57",
        "html_url": "https://github.com/lichess-org/chessground/commit/4b5b4aebf56b7974e52dff211a3776c04d697f57"
      }
    ]
  },
  {
    "sha": "4b5b4aebf56b7974e52dff211a3776c04d697f57",
    "node_id": "C_kwDOATWd4toAKDRiNWI0YWViZjU2Yjc5NzRlNTJkZmYyMTFhMzc3NmMwNGQ2OTdmNTc",
    "commit": {
      "author": {
        "name": "Niklas Fiekas",
        "email": "niklas.fiekas@backscattering.de",
        "date": "2023-06-27T18:45:22Z"
      },
      "committer": {
        "name": "Niklas Fiekas",
        "email": "niklas.fiekas@backscattering.de",
        "date": "2023-06-27T19:02:48Z"
      },
      "message": "fix duplicate select events on touch (#257)",
      "tree": {
        "sha": "de99d1b2b84bdc449cddb0ca942076e4f071c779",
        "url": "https://api.github.com/repos/lichess-org/chessground/git/trees/de99d1b2b84bdc449cddb0ca942076e4f071c779"
      },
      "url": "https://api.github.com/repos/lichess-org/chessground/git/commits/4b5b4aebf56b7974e52dff211a3776c04d697f57",
      "comment_count": 0,
      "verification": {
        "verified": true,
        "reason": "valid",
        "signature": "-----BEGIN SSH SIGNATURE-----\nU1NIU0lHAAAAAQAAARcAAAAHc3NoLXJzYQAAAAMBAAEAAAEBAKr0FPrV0d9By4Ocan/GMK\nKnKtgJBIfQHqQaG6lGFhvljl87m8pAXssJeSJRU/VFFwwxv+hnMwES60Y8X7SCcMCErjpi\nZ2vnayyBNz33DblD4UvWF8CIrmilo5ACC6hp/dqniYKd9Xn4CLDpF510cRB1GDbfTpFn88\nJrukO1/m9NN1uGfz3iHE5ww2/ibAFMCyCoSc2hFB8WiDOGoninLxHCySuUQG8ZEu8NreFU\noZIyzi0kaSMJcXfgHT/UpxL2o50bWujtQbGNMNDOLC4+PQYNi0CP1Vo69e07bb6648NRk+\nFXV5zMMAxxzpBWMQ9H/WQWI2VTDmtpT2P9HMHmDPEAAAADZ2l0AAAAAAAAAAZzaGE1MTIA\nAAEUAAAADHJzYS1zaGEyLTUxMgAAAQAZkyvWzquOaV5aPY0YIH7hn+Vtax8YAKjZR2bSP4\nU/ipozmOi6DOvdqJIl35BRJe7uaTXBl6K8/hrdbupMkAYiXJbGmH09mkXSkXYvJJfigZN7\ngyt30Oolb1nklmRfX5L/c8c1SoE4yiF1Ku0y1SSygERYnlWDJNXowMcOBZqdep5DH3w4Uj\n8hO0v6f5DtxW/QtwMQIKjjwWRxstPVSPSYqHNkWeNlT29eHII2S+9yOWAy63Yr3kNiXE6x\n4dtgJRxtH+Oin2mB/fc3hM4xhpqompyLu01l4De/Bqw4v2BR+asRv79d8vZ5tLHY4YnlFj\nqpxH4VbHZxcuQS0BnvzB7i\n-----END SSH SIGNATURE-----",
        "payload": "tree de99d1b2b84bdc449cddb0ca942076e4f071c779\nparent 9a5ed4417c5f7e5393ed0bef5ad5c1db8df51ea3\nauthor Niklas Fiekas <niklas.fiekas@backscattering.de> 1687891522 +0200\ncommitter Niklas Fiekas <niklas.fiekas@backscattering.de> 1687892568 +0200\n\nfix duplicate select events on touch (#257)\n",
        "verified_at": "2024-11-07T21:13:57Z"
      }
    },
    "url": "https://api.github.com/repos/lichess-org/chessground/commits/4b5b4aebf56b7974e52dff211a3776c04d697f57",
    "html_url": "https://github.com/lichess-org/chessground/commit/4b5b4aebf56b7974e52dff211a3776c04d697f57",
    "comments_url": "https://api.github.com/repos/lichess-org/chessground/commits/4b5b4aebf56b7974e52dff211a3776c04d697f57/comments",
    "author": {
      "login": "niklasf",
      "id": 402777,
      "node_id": "MDQ6VXNlcjQwMjc3Nw==",
      "avatar_url": "https://avatars.githubusercontent.com/u/402777?v=4",
      "gravatar_id": "",
      "url": "https://api.github.com/users/niklasf",
      "html_url": "https://github.com/niklasf",
      "followers_url": "https://api.github.com/users/niklasf/followers",
      "following_url": "https://api.github.com/users/niklasf/following{/other_user}",
      "gists_url": "https://api.github.com/users/niklasf/gists{/gist_id}",
      "starred_url": "https://api.github.com/users/niklasf/starred{/owner}{/repo}",
      "subscriptions_url": "https://api.github.com/users/niklasf/subscriptions",
      "organizations_url": "https://api.github.com/users/niklasf/orgs",
      "repos_url": "https://api.github.com/users/niklasf/repos",
      "events_url": "https://api.github.com/users/niklasf/events{/privacy}",
      "received_events_url": "https://api.github.com/users/niklasf/received_events",
      "type": "User",
      "user_view_type": "public",
      "site_admin": false
    },
    "committer": {
      "login": "niklasf",
      "id": 402777,
      "node_id": "MDQ6VXNlcjQwMjc3Nw==",
      "avatar_url": "https://avatars.githubusercontent.com/u/402777?v=4",
      "gravatar_id": "",
      "url": "https://api.github.com/users/niklasf",
      "html_url": "https://github.com/niklasf",
      "followers_url": "https://api.github.com/users/niklasf/followers",
      "following_url": "https://api.github.com/users/niklasf/following{/other_user}",
      "gists_url": "https://api.github.com/users/niklasf/gists{/gist_id}",
      "starred_url": "https://api.github.com/users/niklasf/starred{/owner}{/repo}",
      "subscriptions_url": "https://api.github.com/users/niklasf/subscriptions",
      "organizations_url": "https://api.github.com/users/niklasf/orgs",
      "repos_url": "https://api.github.com/users/niklasf/repos",
      "events_url": "https://api.github.com/users/niklasf/events{/privacy}",
      "received_events_url": "https://api.github.com/users/niklasf/received_events",
      "type": "User",
      "user_view_type": "public",
      "site_admin": false
    },
    "parents": [
      {
        "sha": "9a5ed4417c5f7e5393ed0bef5ad5c1db8df51ea3",
        "url": "https://api.github.com/repos/lichess-org/chessground/commits/9a5ed4417c5f7e5393ed0bef5ad5c1db8df51ea3",
        "html_url": "https://github.com/lichess-org/chessground/commit/9a5ed4417c5f7e5393ed0bef5ad5c1db8df51ea3"
      }
    ]
  },
  {
    "sha": "1e4b242b3ea0ab552f5c221e733a363f3a4abeba",
    "node_id": "C_kwDOATWd4toAKDFlNGIyNDJiM2VhMGFiNTUyZjVjMjIxZTczM2EzNjNmM2E0YWJlYmE",
    "commit": {
      "author": {
        "name": "Ruhi Bloodworth",
        "email": "ruhi.bloodworth@gmail.com",
        "date": "2021-12-21T22:03:12Z"
      },
      "committer": {
        "name": "Niklas Fiekas",
        "email": "niklas.fiekas@backscattering.de",
        "date": "2021-12-23T17:01:54Z"
      },
      "message": "Fix invalid es module output\n\nAdds .js extensions to all imports\nImports in es modules are supposed to include the file extension\nthe typescript team provides no way to automatically add extension\nin the emmited code and recommends using the .js extension in the\nsrc.",
      "tree": {
        "sha": "35886afa1c7775c383be0e144a969e6c4be9f1eb",
        "url": "https://api.github.com/repos/lichess-org/chessground/git/trees/35886afa1c7775c383be0e144a969e6c4be9f1eb"
      },
      "url": "https://api.github.com/repos/lichess-org/chessground/git/commits/1e4b242b3ea0ab552f5c221e733a363f3a4abeba",
      "comment_count": 0,
      "verification": {
        "verified": false,
        "reason": "unsigned",
        "signature": null,
        "payload": null,
        "verified_at": null
      }
    },
    "url": "https://api.github.com/repos/lichess-org/chessground/commits/1e4b242b3ea0ab552f5c221e733a363f3a4abeba",
    "html_url": "https://github.com/lichess-org/chessground/commit/1e4b242b3ea0ab552f5c221e733a363f3a4abeba",
    "comments_url": "https://api.github.com/repos/lichess-org/chessground/commits/1e4b242b3ea0ab552f5c221e733a363f3a4abeba/comments",
    "author": {
      "login": "ruhibloodworth",
      "id": 23087113,
      "node_id": "MDQ6VXNlcjIzMDg3MTEz",
      "avatar_url": "https://avatars.githubusercontent.com/u/23087113?v=4",
      "gravatar_id": "",
      "url": "https://api.github.com/users/ruhibloodworth",
      "html_url": "https://github.com/ruhibloodworth",
      "followers_url": "https://api.github.com/users/ruhibloodworth/followers",
      "following_url": "https://api.github.com/users/ruhibloodworth/following{/other_user}",
      "gists_url": "https://api.github.com/users/ruhibloodworth/gists{/gist_id}",
      "starred_url": "https://api.github.com/users/ruhibloodworth/starred{/owner}{/repo}",
      "subscriptions_url": "https://api.github.com/users/ruhibloodworth/subscriptions",
      "organizations_url": "https://api.github.com/users/ruhibloodworth/orgs",
      "repos_url": "https://api.github.com/users/ruhibloodworth/repos",
      "events_url": "https://api.github.com/users/ruhibloodworth/events{/privacy}",
      "received_events_url": "https://api.github.com/users/ruhibloodworth/received_events",
      "type": "User",
      "user_view_type": "public",
      "site_admin": false
    },
    "committer": {
      "login": "niklasf",
      "id": 402777,
      "node_id": "MDQ6VXNlcjQwMjc3Nw==",
      "avatar_url": "https://avatars.githubusercontent.com/u/402777?v=4",
      "gravatar_id": "",
      "url": "https://api.github.com/users/niklasf",
      "html_url": "https://github.com/niklasf",
      "followers_url": "https://api.github.com/users/niklasf/followers",
      "following_url": "https://api.github.com/users/niklasf/following{/other_user}",
      "gists_url": "https://api.github.com/users/niklasf/gists{/gist_id}",
      "starred_url": "https://api.github.com/users/niklasf/starred{/owner}{/repo}",
      "subscriptions_url": "https://api.github.com/users/niklasf/subscriptions",
      "organizations_url": "https://api.github.com/users/niklasf/orgs",
      "repos_url": "https://api.github.com/users/niklasf/repos",
      "events_url": "https://api.github.com/users/niklasf/events{/privacy}",
      "received_events_url": "https://api.github.com/users/niklasf/received_events",
      "type": "User",
      "user_view_type": "public",
      "site_admin": false
    },
    "parents": [
      {
        "sha": "fff720942f0af99ae74055521561a4499ff70c6f",
        "url": "https://api.github.com/repos/lichess-org/chessground/commits/fff720942f0af99ae74055521561a4499ff70c6f",
        "html_url": "https://github.com/lichess-org/chessground/commit/fff720942f0af99ae74055521561a4499ff70c6f"
      }
    ]
  },
  {
    "sha": "c08cea76e62cdf4a834cfad264691f9af345de0f",
    "node_id": "MDY6Q29tbWl0MjAyOTEwNDI6YzA4Y2VhNzZlNjJjZGY0YTgzNGNmYWQyNjQ2OTFmOWFmMzQ1ZGUwZg==",
    "commit": {
      "author": {
        "name": "Niklas Fiekas",
        "email": "niklas.fiekas@backscattering.de",
        "date": "2021-07-28T09:50:46Z"
      },
      "committer": {
        "name": "GitHub",
        "email": "noreply@github.com",
        "date": "2021-07-28T09:50:46Z"
      },
      "message": "Merge pull request #198 from benediktwerner/block-touch-scroll\n\nMake touch scroll blocking an explicit option",
      "tree": {
        "sha": "1df2e7161cc63ce1f3230a4a4ae49fbc34afd6a8",
        "url": "https://api.github.com/repos/lichess-org/chessground/git/trees/1df2e7161cc63ce1f3230a4a4ae49fbc34afd6a8"
      },
      "url": "https://api.github.com/repos/lichess-org/chessground/git/commits/c08cea76e62cdf4a834cfad264691f9af345de0f",
      "comment_count": 0,
      "verification": {
        "verified": true,
        "reason": "valid",
        "signature": "-----BEGIN PGP SIGNATURE-----\n\nwsBcBAABCAAQBQJhASh2CRBK7hj4Ov3rIwAAm2IIAHmDdgPiF8B3EfNPHXA0Mfxq\nAZJpfw3voGyhwetzqP4QwEXFYOs6mCQw+KQ7r0oic8nBuZsMhiHX1tBmQf7rXEsU\nh04HSFFdnsrsD63WkRezeM0mCjlH0WX6EunWtaWgecUgqo82GJefrq7wwzdGVLBb\nyMJH5bK85oHmK4nwnDji0Gdh/YN8l2pOkROCQqo4KW7nyA4D8U0uVKhgGX2J08t7\nX14mQVJhl3UYjjEq3AmMa0Bi0MVFpEjFWlDW6t0EUZJWfsoya9aTYJgxSJtoCNT/\n+qcy38ovf+Lun4znu7ZuuNZNYNxNlMtXdt52XG9yKdnXVVqEINX6GlLogVCXmyA=\n=piDC\n-----END PGP SIGNATURE-----\n",
        "payload": "tree 1df2e7161cc63ce1f3230a4a4ae49fbc34afd6a8\nparent d7cd93023ec52634855e15c53d08a5f57cf05adc\nparent a3b56ded8ee3bf95bf9e7c2e7d92c84488986bdc\nauthor Niklas Fiekas <niklas.fiekas@backscattering.de> 1627465846 +0200\ncommitter GitHub <noreply@github.com> 1627465846 +0200\n\nMerge pull request #198 from benediktwerner/block-touch-scroll\n\nMake touch scroll blocking an explicit option",
        "verified_at": "2024-01-16T19:59:59Z"
      }
    },
    "url": "https://api.github.com/repos/lichess-org/chessground/commits/c08cea76e62cdf4a834cfad264691f9af345de0f",
    "html_url": "https://github.com/lichess-org/chessground/commit/c08cea76e62cdf4a834cfad264691f9af345de0f",
    "comments_url": "https://api.github.com/repos/lichess-org/chessground/commits/c08cea76e62cdf4a834cfad264691f9af345de0f/comments",
    "author": {
      "login": "niklasf",
      "id": 402777,
      "node_id": "MDQ6VXNlcjQwMjc3Nw==",
      "avatar_url": "https://avatars.githubusercontent.com/u/402777?v=4",
      "gravatar_id": "",
      "url": "https://api.github.com/users/niklasf",
      "html_url": "https://github.com/niklasf",
      "followers_url": "https://api.github.com/users/niklasf/followers",
      "following_url": "https://api.github.com/users/niklasf/following{/other_user}",
      "gists_url": "https://api.github.com/users/niklasf/gists{/gist_id}",
      "starred_url": "https://api.github.com/users/niklasf/starred{/owner}{/repo}",
      "subscriptions_url": "https://api.github.com/users/niklasf/subscriptions",
      "organizations_url": "https://api.github.com/users/niklasf/orgs",
      "repos_url": "https://api.github.com/users/niklasf/repos",
      "events_url": "https://api.github.com/users/niklasf/events{/privacy}",
      "received_events_url": "https://api.github.com/users/niklasf/received_events",
      "type": "User",
      "user_view_type": "public",
      "site_admin": false
    },
    "committer": {
      "login": "web-flow",
      "id": 19864447,
      "node_id": "MDQ6VXNlcjE5ODY0NDQ3",
      "avatar_url": "https://avatars.githubusercontent.com/u/19864447?v=4",
      "gravatar_id": "",
      "url": "https://api.github.com/users/web-flow",
      "html_url": "https://github.com/web-flow",
      "followers_url": "https://api.github.com/users/web-flow/followers",
      "following_url": "https://api.github.com/users/web-flow/following{/other_user}",
      "gists_url": "https://api.github.com/users/web-flow/gists{/gist_id}",
      "starred_url": "https://api.github.com/users/web-flow/starred{/owner}{/repo}",
      "subscriptions_url": "https://api.github.com/users/web-flow/subscriptions",
      "organizations_url": "https://api.github.com/users/web-flow/orgs",
      "repos_url": "https://api.github.com/users/web-flow/repos",
      "events_url": "https://api.github.com/users/web-flow/events{/privacy}",
      "received_events_url": "https://api.github.com/users/web-flow/received_events",
      "type": "User",
      "user_view_type": "public",
      "site_admin": false
    },
    "parents": [
      {
        "sha": "d7cd93023ec52634855e15c53d08a5f57cf05adc",
        "url": "https://api.github.com/repos/lichess-org/chessground/commits/d7cd93023ec52634855e15c53d08a5f57cf05adc",
        "html_url": "https://github.com/lichess-org/chessground/commit/d7cd93023ec52634855e15c53d08a5f57cf05adc"
      },
      {
        "sha": "a3b56ded8ee3bf95bf9e7c2e7d92c84488986bdc",
        "url": "https://api.github.com/repos/lichess-org/chessground/commits/a3b56ded8ee3bf95bf9e7c2e7d92c84488986bdc",
        "html_url": "https://github.com/lichess-org/chessground/commit/a3b56ded8ee3bf95bf9e7c2e7d92c84488986bdc"
      }
    ]
  },
  {
    "sha": "f4316ef084fb521cc686978053d547a1763e61c9",
    "node_id": "MDY6Q29tbWl0MjAyOTEwNDI6ZjQzMTZlZjA4NGZiNTIxY2M2ODY5NzgwNTNkNTQ3YTE3NjNlNjFjOQ==",
    "commit": {
      "author": {
        "name": "Benedikt Werner",
        "email": "1benediktwerner@gmail.com",
        "date": "2021-07-28T09:19:56Z"
      },
      "committer": {
        "name": "Benedikt Werner",
        "email": "1benediktwerner@gmail.com",
        "date": "2021-07-28T09:19:56Z"
      },
      "message": "Fix scroll block when dragging close to piece",
      "tree": {
        "sha": "b31ef1cd26308ce452f15d218bfe7e82a480ee48",
        "url": "https://api.github.com/repos/lichess-org/chessground/git/trees/b31ef1cd26308ce452f15d218bfe7e82a480ee48"
      },
      "url": "https://api.github.com/repos/lichess-org/chessground/git/commits/f4316ef084fb521cc686978053d547a1763e61c9",
      "comment_count": 0,
      "verification": {
        "verified": true,
        "reason": "valid",
        "signature": "-----BEGIN PGP SIGNATURE-----\n\niQIzBAABCAAdFiEEc7DSC2AA8LthuaGTHb/w+OnhIesFAmEBITwACgkQHb/w+Onh\nIev27Q/8DgkxXjwmpNQSgEteCREfWQlqUbtgQZcfrMdb+ZUdLKOe2Q4X1kvvZrK1\n23j4W5mlhzkGKiCn/S66AeIir5ktqEiruXZfg7AWUkaxPssYUkjH2lU8Wbxg+JzU\nsv2GbfnpiRU09pM+THEsZuW+bdCFmkHV/o0E33lfNYsJyHLTgsNNahMnMARYM938\nF8ulJdhH+maU2Q4TjOVo1snHZiJfztcI/VR2Skl6AvMV/j1PYi8RTX+PefUCG34B\niVti3P/hNWcSIVCRUEXa9hl0LgMDZu5IiuLt21UD5541zN4y/YzSloT0syxbn5Qz\neegLhuaq3X1/KmqeDWUcbPhlMZ9igPoJ6tFf+BNhlRGAkq/al3vjgOvVC7VLmsKp\n/Wilicy4spRc8IhQAyQ94f1HKjEgL/+7LRk2P+AYJFDBrhPo/FR90R0OX92Fo3gu\nKWHsC3Vs/gXkr1slLDlzHg7BhrhZfzH1fkSaM/OIUQmT10Yc/XG+WXCJDpDsxRdS\nfWmYKSaoYwViWfPxHKEkJ++5bweO5KCAkqPFRRUsXRWkct2nxVSFMh+SEpPRsSyR\nvvdhyhDu6pBNZayUhzlP/NzjSPk8HIy25Rf/UqjNMzq3WLGVbUopvxVDOkm+ViU7\nYWqZ7RFCc+Kk9kkB1b1LIU6CJchX2pzghM3a2u3LzM0sM+Z7GPs=\n=h6ka\n-----END PGP SIGNATURE-----",
        "payload": "tree b31ef1cd26308ce452f15d218bfe7e82a480ee48\nparent cc853e47dfa0d25c69241f34851a15e957398332\nauthor Benedikt Werner <1benediktwerner@gmail.com> 1627463996 +0200\ncommitter Benedikt Werner <1benediktwerner@gmail.com> 1627463996 +0200\n\nFix scroll block when dragging close to piece\n",
        "verified_at": "2024-11-18T23:18:25Z"
      }
    },
    "url": "https://api.github.com/repos/lichess-org/chessground/commits/f4316ef084fb521cc686978053d547a1763e61c9",
    "html_url": "https://github.com/lichess-org/chessground/commit/f4316ef084fb521cc686978053d547a1763e61c9",
    "comments_url": "https://api.github.com/repos/lichess-org/chessground/commits/f4316ef084fb521cc686978053d547a1763e61c9/comments",
    "author": {
      "login": "benediktwerner",
      "id": 19309705,
      "node_id": "MDQ6VXNlcjE5MzA5NzA1",
      "avatar_url": "https://avatars.githubusercontent.com/u/19309705?v=4",
      "gravatar_id": "",
      "url": "https://api.github.com/users/benediktwerner",
      "html_url": "https://github.com/benediktwerner",
      "followers_url": "https://api.github.com/users/benediktwerner/followers",
      "following_url": "https://api.github.com/users/benediktwerner/following{/other_user}",
      "gists_url": "https://api.github.com/users/benediktwerner/gists{/gist_id}",
      "starred_url": "https://api.github.com/users/benediktwerner/starred{/owner}{/repo}",
      "subscriptions_url": "https://api.github.com/users/benediktwerner/subscriptions",
      "organizations_url": "https://api.github.com/users/benediktwerner/orgs",
      "repos_url": "https://api.github.com/users/benediktwerner/repos",
      "events_url": "https://api.github.com/users/benediktwerner/events{/privacy}",
      "received_events_url": "https://api.github.com/users/benediktwerner/received_events",
      "type": "User",
      "user_view_type": "public",
      "site_admin": false
    },
    "committer": {
      "login": "benediktwerner",
      "id": 19309705,
      "node_id": "MDQ6VXNlcjE5MzA5NzA1",
      "avatar_url": "https://avatars.githubusercontent.com/u/19309705?v=4",
      "gravatar_id": "",
      "url": "https://api.github.com/users/benediktwerner",
      "html_url": "https://github.com/benediktwerner",
      "followers_url": "https://api.github.com/users/benediktwerner/followers",
      "following_url": "https://api.github.com/users/benediktwerner/following{/other_user}",
      "gists_url": "https://api.github.com/users/benediktwerner/gists{/gist_id}",
      "starred_url": "https://api.github.com/users/benediktwerner/starred{/owner}{/repo}",
      "subscriptions_url": "https://api.github.com/users/benediktwerner/subscriptions",
      "organizations_url": "https://api.github.com/users/benediktwerner/orgs",
      "repos_url": "https://api.github.com/users/benediktwerner/repos",
      "events_url": "https://api.github.com/users/benediktwerner/events{/privacy}",
      "received_events_url": "https://api.github.com/users/benediktwerner/received_events",
      "type": "User",
      "user_view_type": "public",
      "site_admin": false
    },
    "parents": [
      {
        "sha": "cc853e47dfa0d25c69241f34851a15e957398332",
        "url": "https://api.github.com/repos/lichess-org/chessground/commits/cc853e47dfa0d25c69241f34851a15e957398332",
        "html_url": "https://github.com/lichess-org/chessground/commit/cc853e47dfa0d25c69241f34851a15e957398332"
      }
    ]
  },
  {
    "sha": "a3b56ded8ee3bf95bf9e7c2e7d92c84488986bdc",
    "node_id": "MDY6Q29tbWl0MjAyOTEwNDI6YTNiNTZkZWQ4ZWUzYmY5NWJmOWU3YzJlN2Q5MmM4NDQ4ODk4NmJkYw==",
    "commit": {
      "author": {
        "name": "Benedikt Werner",
        "email": "1benediktwerner@gmail.com",
        "date": "2021-07-28T09:08:32Z"
      },
      "committer": {
        "name": "Benedikt Werner",
        "email": "1benediktwerner@gmail.com",
        "date": "2021-07-28T09:09:12Z"
      },
      "message": "Make touch scroll blocking an explicit option",
      "tree": {
        "sha": "6e9f36770360c0851f027c43bdd37fd1e1cc0c4b",
        "url": "https://api.github.com/repos/lichess-org/chessground/git/trees/6e9f36770360c0851f027c43bdd37fd1e1cc0c4b"
      },
      "url": "https://api.github.com/repos/lichess-org/chessground/git/commits/a3b56ded8ee3bf95bf9e7c2e7d92c84488986bdc",
      "comment_count": 0,
      "verification": {
        "verified": true,
        "reason": "valid",
        "signature": "-----BEGIN PGP SIGNATURE-----\n\niQIzBAABCAAdFiEEc7DSC2AA8LthuaGTHb/w+OnhIesFAmEBHrkACgkQHb/w+Onh\nIetR9w/+Mhi+urjPllMnexhSWgLS0m2CmZDYai3C0JGvC5Qx7uRxJYUNGPDxwjeU\n29t5gKmbpHqxgWBnWPZ5b596LMc0/w20LZq7jBGuEZhuwzLOo+X6znBFqLbnPA2T\neb/J1VfOB2K/Q/HNQYahMs68k6EnAVndtuSGoo1qHS5F7Mna5hmaVQAtu+m8vdvv\nq4Np4yKdFv/6RMmEX7blySoPmr4UeczeiQAnQsJOJnIgAxcDTahgYODAjm0XAhJO\nnEAPQfUTZ+lHTgD08lU3FYfYfaJGphJXehIEeXxKAoSyDkqMHQ1w7TEtX2DW7cE1\nKeeJnLekD5qQuYVr3ls4Kca1fKwspBXmTbGk4xGmbOQFBG9byF61jaXYetlTle/K\nrCmo6gl1NNP95dNfRnGyv55w7kc6FQaylfLwEXwNkzG1gnR1sKv6D6+0ILDysl76\nn6LJLVRtDV8rCxPtX+PPRn5zaBb1NXfhUNKJlKqp4S5qsQ9F3A+RaV5yk/Tz/QAh\na0sSSXh9y5/tdEh64quzr2Bbhg1CpQXFgG4nwd791ba7ef/YIIS9NTiI/TkkkbTI\nwU35GVw2WwaTdk3NAn8KZXoT8+I8xTVMv+APDddh8T443zlRWZKcBN8ohaCSDzUP\nCWqBzZz/nNyLWNS6h7co1hF/dT2POpcoc1jCRc6wbeTxJEKHmJ4=\n=Ntqj\n-----END PGP SIGNATURE-----",
        "payload": "tree 6e9f36770360c0851f027c43bdd37fd1e1cc0c4b\nparent cc853e47dfa0d25c69241f34851a15e957398332\nauthor Benedikt Werner <1benediktwerner@gmail.com> 1627463312 +0200\ncommitter Benedikt Werner <1benediktwerner@gmail.com> 1627463352 +0200\n\nMake touch scroll blocking an explicit option\n",
        "verified_at": "2024-11-12T20:36:26Z"
      }
    },
    "url": "https://api.github.com/repos/lichess-org/chessground/commits/a3b56ded8ee3bf95bf9e7c2e7d92c84488986bdc",
    "html_url": "https://github.com/lichess-org/chessground/commit/a3b56ded8ee3bf95bf9e7c2e7d92c84488986bdc",
    "comments_url": "https://api.github.com/repos/lichess-org/chessground/commits/a3b56ded8ee3bf95bf9e7c2e7d92c84488986bdc/comments",
    "author": {
      "login": "benediktwerner",
      "id": 19309705,
      "node_id": "MDQ6VXNlcjE5MzA5NzA1",
      "avatar_url": "https://avatars.githubusercontent.com/u/19309705?v=4",
      "gravatar_id": "",
      "url": "https://api.github.com/users/benediktwerner",
      "html_url": "https://github.com/benediktwerner",
      "followers_url": "https://api.github.com/users/benediktwerner/followers",
      "following_url": "https://api.github.com/users/benediktwerner/following{/other_user}",
      "gists_url": "https://api.github.com/users/benediktwerner/gists{/gist_id}",
      "starred_url": "https://api.github.com/users/benediktwerner/starred{/owner}{/repo}",
      "subscriptions_url": "https://api.github.com/users/benediktwerner/subscriptions",
      "organizations_url": "https://api.github.com/users/benediktwerner/orgs",
      "repos_url": "https://api.github.com/users/benediktwerner/repos",
      "events_url": "https://api.github.com/users/benediktwerner/events{/privacy}",
      "received_events_url": "https://api.github.com/users/benediktwerner/received_events",
      "type": "User",
      "user_view_type": "public",
      "site_admin": false
    },
    "committer": {
      "login": "benediktwerner",
      "id": 19309705,
      "node_id": "MDQ6VXNlcjE5MzA5NzA1",
      "avatar_url": "https://avatars.githubusercontent.com/u/19309705?v=4",
      "gravatar_id": "",
      "url": "https://api.github.com/users/benediktwerner",
      "html_url": "https://github.com/benediktwerner",
      "followers_url": "https://api.github.com/users/benediktwerner/followers",
      "following_url": "https://api.github.com/users/benediktwerner/following{/other_user}",
      "gists_url": "https://api.github.com/users/benediktwerner/gists{/gist_id}",
      "starred_url": "https://api.github.com/users/benediktwerner/starred{/owner}{/repo}",
      "subscriptions_url": "https://api.github.com/users/benediktwerner/subscriptions",
      "organizations_url": "https://api.github.com/users/benediktwerner/orgs",
      "repos_url": "https://api.github.com/users/benediktwerner/repos",
      "events_url": "https://api.github.com/users/benediktwerner/events{/privacy}",
      "received_events_url": "https://api.github.com/users/benediktwerner/received_events",
      "type": "User",
      "user_view_type": "public",
      "site_admin": false
    },
    "parents": [
      {
        "sha": "cc853e47dfa0d25c69241f34851a15e957398332",
        "url": "https://api.github.com/repos/lichess-org/chessground/commits/cc853e47dfa0d25c69241f34851a15e957398332",
        "html_url": "https://github.com/lichess-org/chessground/commit/cc853e47dfa0d25c69241f34851a15e957398332"
      }
    ]
  },
  {
    "sha": "9df5d218593049f2a82d2c0bb5f9e2a06d5c653c",
    "node_id": "MDY6Q29tbWl0MjAyOTEwNDI6OWRmNWQyMTg1OTMwNDlmMmE4MmQyYzBiYjVmOWUyYTA2ZDVjNjUzYw==",
    "commit": {
      "author": {
        "name": "Albert Ford",
        "email": "albert@albertford.com",
        "date": "2021-07-07T21:36:17Z"
      },
      "committer": {
        "name": "Albert Ford",
        "email": "albert@albertford.com",
        "date": "2021-07-07T21:36:17Z"
      },
      "message": "Don't select if a drag ends at the original square",
      "tree": {
        "sha": "061be3baf02274ddb5317e50f2041f6e5719e7c8",
        "url": "https://api.github.com/repos/lichess-org/chessground/git/trees/061be3baf02274ddb5317e50f2041f6e5719e7c8"
      },
      "url": "https://api.github.com/repos/lichess-org/chessground/git/commits/9df5d218593049f2a82d2c0bb5f9e2a06d5c653c",
      "comment_count": 0,
      "verification": {
        "verified": false,
        "reason": "unsigned",
        "signature": null,
        "payload": null,
        "verified_at": null
      }
    },
    "url": "https://api.github.com/repos/lichess-org/chessground/commits/9df5d218593049f2a82d2c0bb5f9e2a06d5c653c",
    "html_url": "https://github.com/lichess-org/chessground/commit/9df5d218593049f2a82d2c0bb5f9e2a06d5c653c",
    "comments_url": "https://api.github.com/repos/lichess-org/chessground/commits/9df5d218593049f2a82d2c0bb5f9e2a06d5c653c/comments",
    "author": {
      "login": "370417",
      "id": 7917791,
      "node_id": "MDQ6VXNlcjc5MTc3OTE=",
      "avatar_url": "https://avatars.githubusercontent.com/u/7917791?v=4",
      "gravatar_id": "",
      "url": "https://api.github.com/users/370417",
      "html_url": "https://github.com/370417",
      "followers_url": "https://api.github.com/users/370417/followers",
      "following_url": "https://api.github.com/users/370417/following{/other_user}",
      "gists_url": "https://api.github.com/users/370417/gists{/gist_id}",
      "starred_url": "https://api.github.com/users/370417/starred{/owner}{/repo}",
      "subscriptions_url": "https://api.github.com/users/370417/subscriptions",
      "organizations_url": "https://api.github.com/users/370417/orgs",
      "repos_url": "https://api.github.com/users/370417/repos",
      "events_url": "https://api.github.com/users/370417/events{/privacy}",
      "received_events_url": "https://api.github.com/users/370417/received_events",
      "type": "User",
      "user_view_type": "public",
      "site_admin": false
    },
    "committer": {
      "login": "370417",
      "id": 7917791,
      "node_id": "MDQ6VXNlcjc5MTc3OTE=",
      "avatar_url": "https://avatars.githubusercontent.com/u/7917791?v=4",
      "gravatar_id": "",
      "url": "https://api.github.com/users/370417",
      "html_url": "https://github.com/370417",
      "followers_url": "https://api.github.com/users/370417/followers",
      "following_url": "https://api.github.com/users/370417/following{/other_user}",
      "gists_url": "https://api.github.com/users/370417/gists{/gist_id}",
      "starred_url": "https://api.github.com/users/370417/starred{/owner}{/repo}",
      "subscriptions_url": "https://api.github.com/users/370417/subscriptions",
      "organizations_url": "https://api.github.com/users/370417/orgs",
      "repos_url": "https://api.github.com/users/370417/repos",
      "events_url": "https://api.github.com/users/370417/events{/privacy}",
      "received_events_url": "https://api.github.com/users/370417/received_events",
      "type": "User",
      "user_view_type": "public",
      "site_admin": false
    },
    "parents": [
      {
        "sha": "35815cee43c6d86167504e99cf2977aefc200196",
        "url": "https://api.github.com/repos/lichess-org/chessground/commits/35815cee43c6d86167504e99cf2977aefc200196",
        "html_url": "https://github.com/lichess-org/chessground/commit/35815cee43c6d86167504e99cf2977aefc200196"
      }
    ]
  },
  {
    "sha": "a74fe68dcbe33484984ed900e3bd53a4e3d821f5",
    "node_id": "MDY6Q29tbWl0MjAyOTEwNDI6YTc0ZmU2OGRjYmUzMzQ4NDk4NGVkOTAwZTNiZDUzYTRlM2Q4MjFmNQ==",
    "commit": {
      "author": {
        "name": "Thibault Duplessis",
        "email": "t@lichess.org",
        "date": "2021-06-17T07:07:03Z"
      },
      "committer": {
        "name": "Thibault Duplessis",
        "email": "t@lichess.org",
        "date": "2021-06-17T07:07:03Z"
      },
      "message": "remove relative positioning\n\nsince we can't avoid resizing anyway",
      "tree": {
        "sha": "cce2c82dd50e1ec7774ea8733561626d5a75a46f",
        "url": "https://api.github.com/repos/lichess-org/chessground/git/trees/cce2c82dd50e1ec7774ea8733561626d5a75a46f"
      },
      "url": "https://api.github.com/repos/lichess-org/chessground/git/commits/a74fe68dcbe33484984ed900e3bd53a4e3d821f5",
      "comment_count": 0,
      "verification": {
        "verified": false,
        "reason": "unsigned",
        "signature": null,
        "payload": null,
        "verified_at": null
      }
    },
    "url": "https://api.github.com/repos/lichess-org/chessground/commits/a74fe68dcbe33484984ed900e3bd53a4e3d821f5",
    "html_url": "https://github.com/lichess-org/chessground/commit/a74fe68dcbe33484984ed900e3bd53a4e3d821f5",
    "comments_url": "https://api.github.com/repos/lichess-org/chessground/commits/a74fe68dcbe33484984ed900e3bd53a4e3d821f5/comments",
    "author": {
      "login": "ornicar",
      "id": 140370,
      "node_id": "MDQ6VXNlcjE0MDM3MA==",
      "avatar_url": "https://avatars.githubusercontent.com/u/140370?v=4",
      "gravatar_id": "",
      "url": "https://api.github.com/users/ornicar",
      "html_url": "https://github.com/ornicar",
      "followers_url": "https://api.github.com/users/ornicar/followers",
      "following_url": "https://api.github.com/users/ornicar/following{/other_user}",
      "gists_url": "https://api.github.com/users/ornicar/gists{/gist_id}",
      "starred_url": "https://api.github.com/users/ornicar/starred{/owner}{/repo}",
      "subscriptions_url": "https://api.github.com/users/ornicar/subscriptions",
      "organizations_url": "https://api.github.com/users/ornicar/orgs",
      "repos_url": "https://api.github.com/users/ornicar/repos",
      "events_url": "https://api.github.com/users/ornicar/events{/privacy}",
      "received_events_url": "https://api.github.com/users/ornicar/received_events",
      "type": "User",
      "user_view_type": "public",
      "site_admin": false
    },
    "committer": {
      "login": "ornicar",
      "id": 140370,
      "node_id": "MDQ6VXNlcjE0MDM3MA==",
      "avatar_url": "https://avatars.githubusercontent.com/u/140370?v=4",
      "gravatar_id": "",
      "url": "https://api.github.com/users/ornicar",
      "html_url": "https://github.com/ornicar",
      "followers_url": "https://api.github.com/users/ornicar/followers",
      "following_url": "https://api.github.com/users/ornicar/following{/other_user}",
      "gists_url": "https://api.github.com/users/ornicar/gists{/gist_id}",
      "starred_url": "https://api.github.com/users/ornicar/starred{/owner}{/repo}",
      "subscriptions_url": "https://api.github.com/users/ornicar/subscriptions",
      "organizations_url": "https://api.github.com/users/ornicar/orgs",
      "repos_url": "https://api.github.com/users/ornicar/repos",
      "events_url": "https://api.github.com/users/ornicar/events{/privacy}",
      "received_events_url": "https://api.github.com/users/ornicar/received_events",
      "type": "User",
      "user_view_type": "public",
      "site_admin": false
    },
    "parents": [
      {
        "sha": "f55294abc4858136a130f74f37d07575ec2d8050",
        "url": "https://api.github.com/repos/lichess-org/chessground/commits/f55294abc4858136a130f74f37d07575ec2d8050",
        "html_url": "https://github.com/lichess-org/chessground/commit/f55294abc4858136a130f74f37d07575ec2d8050"
      }
    ]
  },
  {
    "sha": "b403d05251614c95239ce642ce5b3896752e9531",
    "node_id": "MDY6Q29tbWl0MjAyOTEwNDI6YjQwM2QwNTI1MTYxNGM5NTIzOWNlNjQyY2U1YjM4OTY3NTJlOTUzMQ==",
    "commit": {
      "author": {
        "name": "Niklas Fiekas",
        "email": "niklas.fiekas@backscattering.de",
        "date": "2021-02-06T10:03:01Z"
      },
      "committer": {
        "name": "Niklas Fiekas",
        "email": "niklas.fiekas@backscattering.de",
        "date": "2021-02-06T10:05:58Z"
      },
      "message": "misc prettier updates and fixes",
      "tree": {
        "sha": "e5acb59155fe8bc2b916ff1a964899fca2360e7a",
        "url": "https://api.github.com/repos/lichess-org/chessground/git/trees/e5acb59155fe8bc2b916ff1a964899fca2360e7a"
      },
      "url": "https://api.github.com/repos/lichess-org/chessground/git/commits/b403d05251614c95239ce642ce5b3896752e9531",
      "comment_count": 0,
      "verification": {
        "verified": false,
        "reason": "unsigned",
        "signature": null,
        "payload": null,
        "verified_at": null
      }
    },
    "url": "https://api.github.com/repos/lichess-org/chessground/commits/b403d05251614c95239ce642ce5b3896752e9531",
    "html_url": "https://github.com/lichess-org/chessground/commit/b403d05251614c95239ce642ce5b3896752e9531",
    "comments_url": "https://api.github.com/repos/lichess-org/chessground/commits/b403d05251614c95239ce642ce5b3896752e9531/comments",
    "author": {
      "login": "niklasf",
      "id": 402777,
      "node_id": "MDQ6VXNlcjQwMjc3Nw==",
      "avatar_url": "https://avatars.githubusercontent.com/u/402777?v=4",
      "gravatar_id": "",
      "url": "https://api.github.com/users/niklasf",
      "html_url": "https://github.com/niklasf",
      "followers_url": "https://api.github.com/users/niklasf/followers",
      "following_url": "https://api.github.com/users/niklasf/following{/other_user}",
      "gists_url": "https://api.github.com/users/niklasf/gists{/gist_id}",
      "starred_url": "https://api.github.com/users/niklasf/starred{/owner}{/repo}",
      "subscriptions_url": "https://api.github.com/users/niklasf/subscriptions",
      "organizations_url": "https://api.github.com/users/niklasf/orgs",
      "repos_url": "https://api.github.com/users/niklasf/repos",
      "events_url": "https://api.github.com/users/niklasf/events{/privacy}",
      "received_events_url": "https://api.github.com/users/niklasf/received_events",
      "type": "User",
      "user_view_type": "public",
      "site_admin": false
    },
    "committer": {
      "login": "niklasf",
      "id": 402777,
      "node_id": "MDQ6VXNlcjQwMjc3Nw==",
      "avatar_url": "https://avatars.githubusercontent.com/u/402777?v=4",
      "gravatar_id": "",
      "url": "https://api.github.com/users/niklasf",
      "html_url": "https://github.com/niklasf",
      "followers_url": "https://api.github.com/users/niklasf/followers",
      "following_url": "https://api.github.com/users/niklasf/following{/other_user}",
      "gists_url": "https://api.github.com/users/niklasf/gists{/gist_id}",
      "starred_url": "https://api.github.com/users/niklasf/starred{/owner}{/repo}",
      "subscriptions_url": "https://api.github.com/users/niklasf/subscriptions",
      "organizations_url": "https://api.github.com/users/niklasf/orgs",
      "repos_url": "https://api.github.com/users/niklasf/repos",
      "events_url": "https://api.github.com/users/niklasf/events{/privacy}",
      "received_events_url": "https://api.github.com/users/niklasf/received_events",
      "type": "User",
      "user_view_type": "public",
      "site_admin": false
    },
    "parents": [
      {
        "sha": "972f71e466d27f1b2e86776fef2c8fee0ecb0dd0",
        "url": "https://api.github.com/repos/lichess-org/chessground/commits/972f71e466d27f1b2e86776fef2c8fee0ecb0dd0",
        "html_url": "https://github.com/lichess-org/chessground/commit/972f71e466d27f1b2e86776fef2c8fee0ecb0dd0"
      }
    ]
  },
  {
    "sha": "e39bc234b62394cf404d304774e24b5e1121fd55",
    "node_id": "MDY6Q29tbWl0MjAyOTEwNDI6ZTM5YmMyMzRiNjIzOTRjZjQwNGQzMDQ3NzRlMjRiNWUxMTIxZmQ1NQ==",
    "commit": {
      "author": {
        "name": "topce",
        "email": "slobodqn.filipovic@gmail.coö",
        "date": "2020-12-19T13:24:34Z"
      },
      "committer": {
        "name": "topce",
        "email": "slobodqn.filipovic@gmail.coö",
        "date": "2020-12-19T13:24:34Z"
      },
      "message": "update libs\nadd prettier formating",
      "tree": {
        "sha": "d19a7d9d5924e37c8aa1212da20f7635eba1158f",
        "url": "https://api.github.com/repos/lichess-org/chessground/git/trees/d19a7d9d5924e37c8aa1212da20f7635eba1158f"
      },
      "url": "https://api.github.com/repos/lichess-org/chessground/git/commits/e39bc234b62394cf404d304774e24b5e1121fd55",
      "comment_count": 0,
      "verification": {
        "verified": false,
        "reason": "unsigned",
        "signature": null,
        "payload": null,
        "verified_at": null
      }
    },
    "url": "https://api.github.com/repos/lichess-org/chessground/commits/e39bc234b62394cf404d304774e24b5e1121fd55",
    "html_url": "https://github.com/lichess-org/chessground/commit/e39bc234b62394cf404d304774e24b5e1121fd55",
    "comments_url": "https://api.github.com/repos/lichess-org/chessground/commits/e39bc234b62394cf404d304774e24b5e1121fd55/comments",
    "author": null,
    "committer": null,
    "parents": [
      {
        "sha": "7cd550870f7ad1a73056359f97dceb6e5e611d87",
        "url": "https://api.github.com/repos/lichess-org/chessground/commits/7cd550870f7ad1a73056359f97dceb6e5e611d87",
        "html_url": "https://github.com/lichess-org/chessground/commit/7cd550870f7ad1a73056359f97dceb6e5e611d87"
      }
    ]
  },
  {
    "sha": "fb83cc0aa27694a041d1974a1caccdf4c39839eb",
    "node_id": "MDY6Q29tbWl0MjAyOTEwNDI6ZmI4M2NjMGFhMjc2OTRhMDQxZDE5NzRhMWNhY2NkZjRjMzk4MzllYg==",
    "commit": {
      "author": {
        "name": "Thibault Duplessis",
        "email": "t@lichess.org",
        "date": "2020-09-29T09:12:33Z"
      },
      "committer": {
        "name": "Thibault Duplessis",
        "email": "t@lichess.org",
        "date": "2020-09-29T09:12:33Z"
      },
      "message": "only drag from trusted events",
      "tree": {
        "sha": "1b93f3f71f9d886821bd3bfed2e6187da96bff92",
        "url": "https://api.github.com/repos/lichess-org/chessground/git/trees/1b93f3f71f9d886821bd3bfed2e6187da96bff92"
      },
      "url": "https://api.github.com/repos/lichess-org/chessground/git/commits/fb83cc0aa27694a041d1974a1caccdf4c39839eb",
      "comment_count": 0,
      "verification": {
        "verified": false,
        "reason": "unsigned",
        "signature": null,
        "payload": null,
        "verified_at": null
      }
    },
    "url": "https://api.github.com/repos/lichess-org/chessground/commits/fb83cc0aa27694a041d1974a1caccdf4c39839eb",
    "html_url": "https://github.com/lichess-org/chessground/commit/fb83cc0aa27694a041d1974a1caccdf4c39839eb",
    "comments_url": "https://api.github.com/repos/lichess-org/chessground/commits/fb83cc0aa27694a041d1974a1caccdf4c39839eb/comments",
    "author": {
      "login": "ornicar",
      "id": 140370,
      "node_id": "MDQ6VXNlcjE0MDM3MA==",
      "avatar_url": "https://avatars.githubusercontent.com/u/140370?v=4",
      "gravatar_id": "",
      "url": "https://api.github.com/users/ornicar",
      "html_url": "https://github.com/ornicar",
      "followers_url": "https://api.github.com/users/ornicar/followers",
      "following_url": "https://api.github.com/users/ornicar/following{/other_user}",
      "gists_url": "https://api.github.com/users/ornicar/gists{/gist_id}",
      "starred_url": "https://api.github.com/users/ornicar/starred{/owner}{/repo}",
      "subscriptions_url": "https://api.github.com/users/ornicar/subscriptions",
      "organizations_url": "https://api.github.com/users/ornicar/orgs",
      "repos_url": "https://api.github.com/users/ornicar/repos",
      "events_url": "https://api.github.com/users/ornicar/events{/privacy}",
      "received_events_url": "https://api.github.com/users/ornicar/received_events",
      "type": "User",
      "user_view_type": "public",
      "site_admin": false
    },
    "committer": {
      "login": "ornicar",
      "id": 140370,
      "node_id": "MDQ6VXNlcjE0MDM3MA==",
      "avatar_url": "https://avatars.githubusercontent.com/u/140370?v=4",
      "gravatar_id": "",
      "url": "https://api.github.com/users/ornicar",
      "html_url": "https://github.com/ornicar",
      "followers_url": "https://api.github.com/users/ornicar/followers",
      "following_url": "https://api.github.com/users/ornicar/following{/other_user}",
      "gists_url": "https://api.github.com/users/ornicar/gists{/gist_id}",
      "starred_url": "https://api.github.com/users/ornicar/starred{/owner}{/repo}",
      "subscriptions_url": "https://api.github.com/users/ornicar/subscriptions",
      "organizations_url": "https://api.github.com/users/ornicar/orgs",
      "repos_url": "https://api.github.com/users/ornicar/repos",
      "events_url": "https://api.github.com/users/ornicar/events{/privacy}",
      "received_events_url": "https://api.github.com/users/ornicar/received_events",
      "type": "User",
      "user_view_type": "public",
      "site_admin": false
    },
    "parents": [
      {
        "sha": "c6b692e936ff3898dce9b5e7964b6c31c788b63e",
        "url": "https://api.github.com/repos/lichess-org/chessground/commits/c6b692e936ff3898dce9b5e7964b6c31c788b63e",
        "html_url": "https://github.com/lichess-org/chessground/commit/c6b692e936ff3898dce9b5e7964b6c31c788b63e"
      }
    ]
  },
  {
    "sha": "3a84fbdcdd55b16c7ee6fbb1be57fad9404ac745",
    "node_id": "MDY6Q29tbWl0MjAyOTEwNDI6M2E4NGZiZGNkZDU1YjE2YzdlZTZmYmIxYmU1N2ZhZDk0MDRhYzc0NQ==",
    "commit": {
      "author": {
        "name": "FILIPOVIC Slobodan",
        "email": "slobodan.filipovic@gmail.com",
        "date": "2020-09-02T07:17:45Z"
      },
      "committer": {
        "name": "FILIPOVIC Slobodan",
        "email": "slobodan.filipovic@gmail.com",
        "date": "2020-09-02T07:17:45Z"
      },
      "message": "move computeSquareCenter from\ndarg.ts to util.ts in order to eliminate\ncyclic depenedency",
      "tree": {
        "sha": "9758cfe024d958cd99a121085012b9e067024e83",
        "url": "https://api.github.com/repos/lichess-org/chessground/git/trees/9758cfe024d958cd99a121085012b9e067024e83"
      },
      "url": "https://api.github.com/repos/lichess-org/chessground/git/commits/3a84fbdcdd55b16c7ee6fbb1be57fad9404ac745",
      "comment_count": 0,
      "verification": {
        "verified": false,
        "reason": "unsigned",
        "signature": null,
        "payload": null,
        "verified_at": null
      }
    },
    "url": "https://api.github.com/repos/lichess-org/chessground/commits/3a84fbdcdd55b16c7ee6fbb1be57fad9404ac745",
    "html_url": "https://github.com/lichess-org/chessground/commit/3a84fbdcdd55b16c7ee6fbb1be57fad9404ac745",
    "comments_url": "https://api.github.com/repos/lichess-org/chessground/commits/3a84fbdcdd55b16c7ee6fbb1be57fad9404ac745/comments",
    "author": {
      "login": "topce",
      "id": 20918,
      "node_id": "MDQ6VXNlcjIwOTE4",
      "avatar_url": "https://avatars.githubusercontent.com/u/20918?v=4",
      "gravatar_id": "",
      "url": "https://api.github.com/users/topce",
      "html_url": "https://github.com/topce",
      "followers_url": "https://api.github.com/users/topce/followers",
      "following_url": "https://api.github.com/users/topce/following{/other_user}",
      "gists_url": "https://api.github.com/users/topce/gists{/gist_id}",
      "starred_url": "https://api.github.com/users/topce/starred{/owner}{/repo}",
      "subscriptions_url": "https://api.github.com/users/topce/subscriptions",
      "organizations_url": "https://api.github.com/users/topce/orgs",
      "repos_url": "https://api.github.com/users/topce/repos",
      "events_url": "https://api.github.com/users/topce/events{/privacy}",
      "received_events_url": "https://api.github.com/users/topce/received_events",
      "type": "User",
      "user_view_type": "public",
      "site_admin": false
    },
    "committer": {
      "login": "topce",
      "id": 20918,
      "node_id": "MDQ6VXNlcjIwOTE4",
      "avatar_url": "https://avatars.githubusercontent.com/u/20918?v=4",
      "gravatar_id": "",
      "url": "https://api.github.com/users/topce",
      "html_url": "https://github.com/topce",
      "followers_url": "https://api.github.com/users/topce/followers",
      "following_url": "https://api.github.com/users/topce/following{/other_user}",
      "gists_url": "https://api.github.com/users/topce/gists{/gist_id}",
      "starred_url": "https://api.github.com/users/topce/starred{/owner}{/repo}",
      "subscriptions_url": "https://api.github.com/users/topce/subscriptions",
      "organizations_url": "https://api.github.com/users/topce/orgs",
      "repos_url": "https://api.github.com/users/topce/repos",
      "events_url": "https://api.github.com/users/topce/events{/privacy}",
      "received_events_url": "https://api.github.com/users/topce/received_events",
      "type": "User",
      "user_view_type": "public",
      "site_admin": false
    },
    "parents": [
      {
        "sha": "b9f461994575d262faebfa54a52eea3443f4e480",
        "url": "https://api.github.com/repos/lichess-org/chessground/commits/b9f461994575d262faebfa54a52eea3443f4e480",
        "html_url": "https://github.com/lichess-org/chessground/commit/b9f461994575d262faebfa54a52eea3443f4e480"
      }
    ]
  }
]